division,category,year,period,week,bucket,value
014,100,2019,1,1,AD,8242.790558470413
014,100,2019,1,2,AD,9961.014910505792
014,100,2019,1,3,AD,8693.483411188194
014,100,2019,1,4,AD,5733.514278847207
014,100,2019,2,1,AD,4045.630804069895
014,100,2019,2,2,AD,5055.4335831100925
014,100,2019,2,3,AD,5333.30238296243
014,100,2019,2,4,AD,9776.2545195664
014,100,2019,3,1,AD,5032.958576786561
014,100,2019,3,2,AD,4222.354966216986
014,100,2019,3,3,AD,7799.669200166821
014,100,2019,3,4,AD,7344.297056826978
014,100,2019,4,1,AD,2186.608697737558
014,100,2019,4,2,AD,7582.665709736221
014,100,2019,4,3,AD,7942.430952238521
014,100,2019,4,4,AD,4618.587420094822
014,100,2019,5,1,AD,9918.344221499883
014,100,2019,5,2,AD,6355.507733024387
014,100,2019,5,3,AD,9850.117673137243
014,100,2019,5,4,AD,6428.6720508579765
014,100,2019,6,1,AD,2035.5252904675503
014,100,2019,6,2,AD,8567.419599358233
014,100,2019,6,3,AD,5073.790700843934
014,100,2019,6,4,AD,4703.978438516521
014,100,2019,7,1,AD,5971.659449984762
014,100,2019,7,2,AD,4124.037946424538
014,100,2019,7,3,AD,5794.726340727743
014,100,2019,7,4,AD,4223.610182333058
014,100,2019,8,1,AD,2305.296348434939
014,100,2019,8,2,AD,8447.695500139256
014,100,2019,8,3,AD,5917.912090769056
014,100,2019,8,4,AD,8195.408374792292
014,100,2019,9,1,AD,2768.1362304486565
014,100,2019,9,2,AD,1560.67635253363
014,100,2019,9,3,AD,7860.968073068469
014,100,2019,9,4,AD,8468.612356309828
014,100,2019,10,1,AD,3558.266707243358
014,100,2019,10,2,AD,6152.909939750291
014,100,2019,10,3,AD,2772.598366792382
014,100,2019,10,4,AD,4804.136187210408
014,100,2019,11,1,AD,9908.505440874937
014,100,2019,11,2,AD,7071.648158993933
014,100,2019,11,3,AD,9109.627908558996
014,100,2019,11,4,AD,6652.079566910536
014,100,2019,12,1,AD,8263.93136440657
014,100,2019,12,2,AD,2344.91841118019
014,100,2019,12,3,AD,6186.8606399338105
014,100,2019,12,4,AD,8736.7375772733
014,100,2019,13,1,AD,4984.827303631753
014,100,2019,13,2,AD,4192.652253415654
014,100,2019,13,3,AD,4977.375390476085
014,100,2019,13,4,AD,5702.196967357004
014,100,2019,1,1,NON_AD,7948.381302908023
014,100,2019,1,2,NON_AD,7122.700063280215
014,100,2019,1,3,NON_AD,2391.4831074671597
014,100,2019,1,4,NON_AD,1632.9480772624865
014,100,2019,2,1,NON_AD,4329.308304539027
014,100,2019,2,2,NON_AD,9733.65914693937
014,100,2019,2,3,NON_AD,1873.8321639233648
014,100,2019,2,4,NON_AD,9453.481702918383
014,100,2019,3,1,NON_AD,1482.327482716346
014,100,2019,3,2,NON_AD,2593.748212010633
014,100,2019,3,3,NON_AD,8275.979909451293
014,100,2019,3,4,NON_AD,8078.770597076604
014,100,2019,4,1,NON_AD,1215.5251804575619
014,100,2019,4,2,NON_AD,1305.6617194774635
014,100,2019,4,3,NON_AD,2124.0818583139567
014,100,2019,4,4,NON_AD,9062.911389547022
014,100,2019,5,1,NON_AD,1581.280980751556
014,100,2019,5,2,NON_AD,9799.812423310674
014,100,2019,5,3,NON_AD,9858.807329273974
014,100,2019,5,4,NON_AD,3987.5777719060893
014,100,2019,6,1,NON_AD,1781.076055219426
014,100,2019,6,2,NON_AD,5320.912369802913
014,100,2019,6,3,NON_AD,6216.564199370185
014,100,2019,6,4,NON_AD,7754.779311550789
014,100,2019,7,1,NON_AD,1950.1565508631375
014,100,2019,7,2,NON_AD,5981.408591864138
014,100,2019,7,3,NON_AD,9070.576638697545
014,100,2019,7,4,NON_AD,8032.896280859026
014,100,2019,8,1,NON_AD,8287.53578223741
014,100,2019,8,2,NON_AD,3433.95574681633
014,100,2019,8,3,NON_AD,3434.726953243406
014,100,2019,8,4,NON_AD,2284.926920567932
014,100,2019,9,1,NON_AD,2077.029791078825
014,100,2019,9,2,NON_AD,3162.025899847356
014,100,2019,9,3,NON_AD,3057.980026725327
014,100,2019,9,4,NON_AD,3110.7503448164275
014,100,2019,10,1,NON_AD,1600.8476244405892
014,100,2019,10,2,NON_AD,2783.5009749101782
014,100,2019,10,3,NON_AD,6446.922246396728
014,100,2019,10,4,NON_AD,7593.7275317515605
014,100,2019,11,1,NON_AD,6779.743731513009
014,100,2019,11,2,NON_AD,6512.977013289851
014,100,2019,11,3,NON_AD,3124.429500039476
014,100,2019,11,4,NON_AD,4525.086176423498
014,100,2019,12,1,NON_AD,9333.173276864572
014,100,2019,12,2,NON_AD,6143.822915603473
014,100,2019,12,3,NON_AD,8909.153563454569
014,100,2019,12,4,NON_AD,2854.898106592723
014,100,2019,13,1,NON_AD,5257.771883305037
014,100,2019,13,2,NON_AD,7656.141937160783
014,100,2019,13,3,NON_AD,7850.579495073735
014,100,2019,13,4,NON_AD,2212.6232882525487
014,100,2019,1,1,PPG,1067.6986591792324
014,100,2019,1,2,PPG,4786.56299060003
014,100,2019,1,3,PPG,4761.789966070064
014,100,2019,1,4,PPG,2711.812844938578
014,100,2019,2,1,PPG,1300.798138223873
014,100,2019,2,2,PPG,6432.602106938285
014,100,2019,2,3,PPG,2920.163141548237
014,100,2019,2,4,PPG,8831.423108396331
014,100,2019,3,1,PPG,1124.9452598630692
014,100,2019,3,2,PPG,3211.981029414009
014,100,2019,3,3,PPG,6768.378360621093
014,100,2019,3,4,PPG,4243.1274787564935
014,100,2019,4,1,PPG,1800.677835124255
014,100,2019,4,2,PPG,5899.966323951588
014,100,2019,4,3,PPG,9043.835403288856
014,100,2019,4,4,PPG,6488.580421649743
014,100,2019,5,1,PPG,3087.3112432425414
014,100,2019,5,2,PPG,5005.371798597795
014,100,2019,5,3,PPG,2647.812107815398
014,100,2019,5,4,PPG,5365.184701363186
014,100,2019,6,1,PPG,9115.486167206509
014,100,2019,6,2,PPG,3036.7584265579762
014,100,2019,6,3,PPG,3223.3173561848253
014,100,2019,6,4,PPG,8095.997766564227
014,100,2019,7,1,PPG,8061.994306175404
014,100,2019,7,2,PPG,8562.053440937347
014,100,2019,7,3,PPG,6386.197004309988
014,100,2019,7,4,PPG,1469.5241504433125
014,100,2019,8,1,PPG,5221.851049228005
014,100,2019,8,2,PPG,7530.654965393364
014,100,2019,8,3,PPG,7190.076255275081
014,100,2019,8,4,PPG,2548.4629362639184
014,100,2019,9,1,PPG,5305.939589190888
014,100,2019,9,2,PPG,2484.440352285745
014,100,2019,9,3,PPG,3537.30265082122
014,100,2019,9,4,PPG,8511.089440291787
014,100,2019,10,1,PPG,3552.8628721752993
014,100,2019,10,2,PPG,3316.0689938345145
014,100,2019,10,3,PPG,1840.8686217832665
014,100,2019,10,4,PPG,4348.708218821815
014,100,2019,11,1,PPG,4357.279314871437
014,100,2019,11,2,PPG,3400.8847415108344
014,100,2019,11,3,PPG,6488.09134356457
014,100,2019,11,4,PPG,3359.8814995527764
014,100,2019,12,1,PPG,7239.3440141893425
014,100,2019,12,2,PPG,9767.92491336899
014,100,2019,12,3,PPG,2753.7388273202523
014,100,2019,12,4,PPG,6860.059968187134
014,100,2019,13,1,PPG,8678.776007891858
014,100,2019,13,2,PPG,1862.6236542389902
014,100,2019,13,3,PPG,5119.833107515141
014,100,2019,13,4,PPG,1898.2831352771113
014,100,2019,1,1,WT,5966.203828578425
014,100,2019,1,2,WT,1026.269169275747
014,100,2019,1,3,WT,7885.186023026487
014,100,2019,1,4,WT,8603.366091203729
014,100,2019,2,1,WT,2727.462199868648
014,100,2019,2,2,WT,9363.260246164722
014,100,2019,2,3,WT,7487.524796140289
014,100,2019,2,4,WT,9443.296267794183
014,100,2019,3,1,WT,5761.715066557743
014,100,2019,3,2,WT,7560.8857885636735
014,100,2019,3,3,WT,2615.4133677923774
014,100,2019,3,4,WT,2917.645490161986
014,100,2019,4,1,WT,1816.648722789742
014,100,2019,4,2,WT,3513.222340402047
014,100,2019,4,3,WT,3214.940255083969
014,100,2019,4,4,WT,6556.630161910973
014,100,2019,5,1,WT,8093.442386757132
014,100,2019,5,2,WT,4616.347211818935
014,100,2019,5,3,WT,3205.3962291495
014,100,2019,5,4,WT,4205.229496511838
014,100,2019,6,1,WT,5978.468299551148
014,100,2019,6,2,WT,5445.507208707438
014,100,2019,6,3,WT,9495.424548535988
014,100,2019,6,4,WT,3748.948649138376
014,100,2019,7,1,WT,1354.4799112767494
014,100,2019,7,2,WT,7068.513296202747
014,100,2019,7,3,WT,2272.8607714762356
014,100,2019,7,4,WT,6765.426625563615
014,100,2019,8,1,WT,5851.088131965003
014,100,2019,8,2,WT,8344.95655777965
014,100,2019,8,3,WT,6693.152048263894
014,100,2019,8,4,WT,9461.946724175032
014,100,2019,9,1,WT,3879.7903514637615
014,100,2019,9,2,WT,7872.264659626038
014,100,2019,9,3,WT,7673.417048328023
014,100,2019,9,4,WT,1711.4810648991247
014,100,2019,10,1,WT,9077.270521265476
014,100,2019,10,2,WT,2529.62472574518
014,100,2019,10,3,WT,7515.453046790515
014,100,2019,10,4,WT,6975.461914213655
014,100,2019,11,1,WT,1563.133617071963
014,100,2019,11,2,WT,9077.500072940707
014,100,2019,11,3,WT,8384.543086141684
014,100,2019,11,4,WT,6260.343601146109
014,100,2019,12,1,WT,3577.6395675058666
014,100,2019,12,2,WT,6229.43753585869
014,100,2019,12,3,WT,4476.799845964924
014,100,2019,12,4,WT,4810.1897862045425
014,100,2019,13,1,WT,7120.980863881138
014,100,2019,13,2,WT,6211.141503360114
014,100,2019,13,3,WT,2732.544310488014
014,100,2019,13,4,WT,3288.6285224154717
014,150,2019,1,1,AD,3784.210107985344
014,150,2019,1,2,AD,9566.460389122789
014,150,2019,1,3,AD,8275.10280204938
014,150,2019,1,4,AD,6899.106209142667
014,150,2019,2,1,AD,3576.32535356202
014,150,2019,2,2,AD,4008.922671298388
014,150,2019,2,3,AD,5677.773241113034
014,150,2019,2,4,AD,8803.08839156494
014,150,2019,3,1,AD,7642.326632108118
014,150,2019,3,2,AD,6555.6643365688205
014,150,2019,3,3,AD,2999.2524384078556
014,150,2019,3,4,AD,5216.954004614895
014,150,2019,4,1,AD,6003.5125227903545
014,150,2019,4,2,AD,8088.727618146136
014,150,2019,4,3,AD,9196.90521526525
014,150,2019,4,4,AD,6659.087967351322
014,150,2019,5,1,AD,4711.644596803733
014,150,2019,5,2,AD,2050.268108131736
014,150,2019,5,3,AD,8673.610597737155
014,150,2019,5,4,AD,7691.012409998532
014,150,2019,6,1,AD,7484.746516204417
014,150,2019,6,2,AD,5240.7933903447465
014,150,2019,6,3,AD,6964.568316456224
014,150,2019,6,4,AD,4170.421998767784
014,150,2019,7,1,AD,5494.324730380876
014,150,2019,7,2,AD,2308.4970585059777
014,150,2019,7,3,AD,2480.031412991113
014,150,2019,7,4,AD,4342.992228696773
014,150,2019,8,1,AD,7899.325436605581
014,150,2019,8,2,AD,6328.925934189976
014,150,2019,8,3,AD,2878.41886152034
014,150,2019,8,4,AD,6136.610823724189
014,150,2019,9,1,AD,2692.1530983140588
014,150,2019,9,2,AD,8042.541296927391
014,150,2019,9,3,AD,4016.681311935835
014,150,2019,9,4,AD,4532.475484536806
014,150,2019,10,1,AD,3919.9531526959377
014,150,2019,10,2,AD,7416.609258561792
014,150,2019,10,3,AD,3080.850789080117
014,150,2019,10,4,AD,1008.3964648921117
014,150,2019,11,1,AD,8644.342309456068
014,150,2019,11,2,AD,7846.605131640741
014,150,2019,11,3,AD,7192.689832865528
014,150,2019,11,4,AD,1987.9835524437826
014,150,2019,12,1,AD,3463.146095924129
014,150,2019,12,2,AD,6021.536144520912
014,150,2019,12,3,AD,9364.846098470278
014,150,2019,12,4,AD,3727.594301725125
014,150,2019,13,1,AD,6529.35654473651
014,150,2019,13,2,AD,6152.97594264059
014,150,2019,13,3,AD,2809.5743301024213
014,150,2019,13,4,AD,5757.811424392286
014,150,2019,1,1,NON_AD,8178.596698244497
014,150,2019,1,2,NON_AD,5656.67816532682
014,150,2019,1,3,NON_AD,9229.062075576163
014,150,2019,1,4,NON_AD,2126.467405334646
014,150,2019,2,1,NON_AD,7577.454492865948
014,150,2019,2,2,NON_AD,5035.365787335555
014,150,2019,2,3,NON_AD,6308.227453264823
014,150,2019,2,4,NON_AD,9066.521086246608
014,150,2019,3,1,NON_AD,9053.348854801467
014,150,2019,3,2,NON_AD,1482.4070789369885
014,150,2019,3,3,NON_AD,5427.995026933563
014,150,2019,3,4,NON_AD,4092.662680319574
014,150,2019,4,1,NON_AD,6604.075812680297
014,150,2019,4,2,NON_AD,2050.71889306931
014,150,2019,4,3,NON_AD,3653.477391376452
014,150,2019,4,4,NON_AD,7313.575939050628
014,150,2019,5,1,NON_AD,3172.784703060223
014,150,2019,5,2,NON_AD,2650.55401969191
014,150,2019,5,3,NON_AD,7231.974753185495
014,150,2019,5,4,NON_AD,4271.600914057553
014,150,2019,6,1,NON_AD,5783.56638425495
014,150,2019,6,2,NON_AD,8478.197353700813
014,150,2019,6,3,NON_AD,2433.817617590812
014,150,2019,6,4,NON_AD,3974.7405474472394
014,150,2019,7,1,NON_AD,3605.4070162694507
014,150,2019,7,2,NON_AD,5288.894815650799
014,150,2019,7,3,NON_AD,2256.0610425885598
014,150,2019,7,4,NON_AD,6567.185348549816
014,150,2019,8,1,NON_AD,4002.372766421448
014,150,2019,8,2,NON_AD,3605.0908957072984
014,150,2019,8,3,NON_AD,3260.9820710454233
014,150,2019,8,4,NON_AD,2736.710749806121
014,150,2019,9,1,NON_AD,9478.893331374817
014,150,2019,9,2,NON_AD,2324.8632304723487
014,150,2019,9,3,NON_AD,2509.059660453775
014,150,2019,9,4,NON_AD,9597.420222360051
014,150,2019,10,1,NON_AD,9473.82352708487
014,150,2019,10,2,NON_AD,5688.9576216626565
014,150,2019,10,3,NON_AD,4143.287976789219
014,150,2019,10,4,NON_AD,1925.6828860882056
014,150,2019,11,1,NON_AD,6389.996568357642
014,150,2019,11,2,NON_AD,7649.800505042028
014,150,2019,11,3,NON_AD,2166.540789762633
014,150,2019,11,4,NON_AD,5862.8151969831115
014,150,2019,12,1,NON_AD,7119.708094067391
014,150,2019,12,2,NON_AD,7007.70928722549
014,150,2019,12,3,NON_AD,8638.176830340177
014,150,2019,12,4,NON_AD,3934.094642262429
014,150,2019,13,1,NON_AD,8946.033122573655
014,150,2019,13,2,NON_AD,1217.5775632680113
014,150,2019,13,3,NON_AD,5920.902430908103
014,150,2019,13,4,NON_AD,3929.0316061167646
014,150,2019,1,1,PPG,9131.5389528964
014,150,2019,1,2,PPG,2567.2772185223366
014,150,2019,1,3,PPG,7435.322389871114
014,150,2019,1,4,PPG,5173.861157585191
014,150,2019,2,1,PPG,5923.425039793688
014,150,2019,2,2,PPG,2896.151743500366
014,150,2019,2,3,PPG,3748.1479314202475
014,150,2019,2,4,PPG,2308.3938491329855
014,150,2019,3,1,PPG,5899.189619656207
014,150,2019,3,2,PPG,2323.822948763349
014,150,2019,3,3,PPG,6048.242915635723
014,150,2019,3,4,PPG,6125.997258297674
014,150,2019,4,1,PPG,6781.215740078586
014,150,2019,4,2,PPG,5362.818760518865
014,150,2019,4,3,PPG,1985.3997715301327
014,150,2019,4,4,PPG,1624.7328504668885
014,150,2019,5,1,PPG,2226.2147328901056
014,150,2019,5,2,PPG,9306.708550411506
014,150,2019,5,3,PPG,4980.187583352159
014,150,2019,5,4,PPG,9234.724095835914
014,150,2019,6,1,PPG,9671.24968723503
014,150,2019,6,2,PPG,7149.937282850649
014,150,2019,6,3,PPG,8205.74657399496
014,150,2019,6,4,PPG,2099.4574843670443
014,150,2019,7,1,PPG,7053.836140383725
014,150,2019,7,2,PPG,4101.375185205684
014,150,2019,7,3,PPG,6060.690999990139
014,150,2019,7,4,PPG,8687.14273572616
014,150,2019,8,1,PPG,4123.000213213059
014,150,2019,8,2,PPG,9408.546757803599
014,150,2019,8,3,PPG,3841.168502457545
014,150,2019,8,4,PPG,4084.14076273022
014,150,2019,9,1,PPG,6032.075642871484
014,150,2019,9,2,PPG,8280.822724808433
014,150,2019,9,3,PPG,6938.267962055299
014,150,2019,9,4,PPG,8916.335127046754
014,150,2019,10,1,PPG,8189.081921539802
014,150,2019,10,2,PPG,4109.551373307617
014,150,2019,10,3,PPG,6090.6851497607295
014,150,2019,10,4,PPG,9316.338104394612
014,150,2019,11,1,PPG,9821.415795153553
014,150,2019,11,2,PPG,9434.620240801101
014,150,2019,11,3,PPG,8478.043953777094
014,150,2019,11,4,PPG,5527.987589204274
014,150,2019,12,1,PPG,3994.3980538985847
014,150,2019,12,2,PPG,8368.421416221527
014,150,2019,12,3,PPG,3861.087799305087
014,150,2019,12,4,PPG,2424.8841040284315
014,150,2019,13,1,PPG,6542.891975972005
014,150,2019,13,2,PPG,4755.293448235075
014,150,2019,13,3,PPG,6008.479126876755
014,150,2019,13,4,PPG,5252.977918649055
014,150,2019,1,1,WT,2181.5013648741324
014,150,2019,1,2,WT,7918.098432312896
014,150,2019,1,3,WT,7640.076229817693
014,150,2019,1,4,WT,2811.2202931499774
014,150,2019,2,1,WT,1314.911313699266
014,150,2019,2,2,WT,8666.434889026023
014,150,2019,2,3,WT,1566.8366018395375
014,150,2019,2,4,WT,4289.931186339503
014,150,2019,3,1,WT,4062.1425156290807
014,150,2019,3,2,WT,8437.387515003235
014,150,2019,3,3,WT,4052.3852596077872
014,150,2019,3,4,WT,9665.271149767765
014,150,2019,4,1,WT,7422.121458543728
014,150,2019,4,2,WT,9579.338632182653
014,150,2019,4,3,WT,1449.9165429089035
014,150,2019,4,4,WT,6114.684825220794
014,150,2019,5,1,WT,9318.620378642105
014,150,2019,5,2,WT,9855.153755755462
014,150,2019,5,3,WT,7652.423714712088
014,150,2019,5,4,WT,3416.702652002181
014,150,2019,6,1,WT,1772.0405700793517
014,150,2019,6,2,WT,6385.70325540945
014,150,2019,6,3,WT,3936.9586551640705
014,150,2019,6,4,WT,3503.9193426532665
014,150,2019,7,1,WT,9132.216300147378
014,150,2019,7,2,WT,1457.1135777049512
014,150,2019,7,3,WT,5340.515743729151
014,150,2019,7,4,WT,9073.48047895789
014,150,2019,8,1,WT,1158.1097364575448
014,150,2019,8,2,WT,2452.3819625429824
014,150,2019,8,3,WT,7631.394556982557
014,150,2019,8,4,WT,9862.94993951082
014,150,2019,9,1,WT,4052.818216591412
014,150,2019,9,2,WT,7831.637135656125
014,150,2019,9,3,WT,3895.1044797860345
014,150,2019,9,4,WT,4327.644446610713
014,150,2019,10,1,WT,9187.06502223833
014,150,2019,10,2,WT,5793.448270736268
014,150,2019,10,3,WT,6426.72118249186
014,150,2019,10,4,WT,8534.270447611558
014,150,2019,11,1,WT,7360.741273342318
014,150,2019,11,2,WT,4589.729862992448
014,150,2019,11,3,WT,5000.939263632147
014,150,2019,11,4,WT,7566.735282271067
014,150,2019,12,1,WT,9285.195708739124
014,150,2019,12,2,WT,2829.7024889802733
014,150,2019,12,3,WT,1318.018074261998
014,150,2019,12,4,WT,8783.226910510759
014,150,2019,13,1,WT,1714.3445025120946
014,150,2019,13,2,WT,1653.013084567216
014,150,2019,13,3,WT,4906.946810937282
014,150,2019,13,4,WT,3390.2814547309895
014,111,2019,1,1,AD,6136.728738067741
014,111,2019,1,2,AD,7579.864255779313
014,111,2019,1,3,AD,7060.016301060831
014,111,2019,1,4,AD,3974.955517443848
014,111,2019,2,1,AD,3648.04079210507
014,111,2019,2,2,AD,1375.9993476898444
014,111,2019,2,3,AD,7638.415829348854
014,111,2019,2,4,AD,5768.122924320166
014,111,2019,3,1,AD,2473.7034875040968
014,111,2019,3,2,AD,3448.1130984323236
014,111,2019,3,3,AD,7159.850956616779
014,111,2019,3,4,AD,2035.1383523137624
014,111,2019,4,1,AD,8450.974578603003
014,111,2019,4,2,AD,1522.0237973021954
014,111,2019,4,3,AD,8710.128608973613
014,111,2019,4,4,AD,1321.6098733351719
014,111,2019,5,1,AD,8516.550006410285
014,111,2019,5,2,AD,2745.960667382038
014,111,2019,5,3,AD,2368.529115639596
014,111,2019,5,4,AD,9793.083472919438
014,111,2019,6,1,AD,7624.625251279143
014,111,2019,6,2,AD,4629.508860768548
014,111,2019,6,3,AD,7801.984174386926
014,111,2019,6,4,AD,2885.032655948889
014,111,2019,7,1,AD,5716.57788061715
014,111,2019,7,2,AD,3768.98903055935
014,111,2019,7,3,AD,5476.985294070063
014,111,2019,7,4,AD,9985.653943713705
014,111,2019,8,1,AD,4472.914137915819
014,111,2019,8,2,AD,6583.32730585019
014,111,2019,8,3,AD,5048.096507967702
014,111,2019,8,4,AD,2579.17704470793
014,111,2019,9,1,AD,1341.3649115731164
014,111,2019,9,2,AD,8792.502601720895
014,111,2019,9,3,AD,3334.710979215285
014,111,2019,9,4,AD,1664.859762408009
014,111,2019,10,1,AD,5344.622334825146
014,111,2019,10,2,AD,6594.64225931112
014,111,2019,10,3,AD,9541.000216093735
014,111,2019,10,4,AD,3143.9999638610743
014,111,2019,11,1,AD,5525.526251830792
014,111,2019,11,2,AD,8734.8632844619
014,111,2019,11,3,AD,1657.5951874320554
014,111,2019,11,4,AD,7624.481178392799
014,111,2019,12,1,AD,3560.446987045149
014,111,2019,12,2,AD,7027.947341755843
014,111,2019,12,3,AD,5106.631101969632
014,111,2019,12,4,AD,1870.917254439938
014,111,2019,13,1,AD,1908.9655799438447
014,111,2019,13,2,AD,4299.131171839541
014,111,2019,13,3,AD,6619.5097358318135
014,111,2019,13,4,AD,3991.677784846868
014,111,2019,1,1,NON_AD,4134.328099754508
014,111,2019,1,2,NON_AD,2431.301486486501
014,111,2019,1,3,NON_AD,9791.927217226554
014,111,2019,1,4,NON_AD,9665.03501116038
014,111,2019,2,1,NON_AD,8106.041831085249
014,111,2019,2,2,NON_AD,8260.418609927463
014,111,2019,2,3,NON_AD,7540.386255947229
014,111,2019,2,4,NON_AD,8906.563730720509
014,111,2019,3,1,NON_AD,5793.179024548363
014,111,2019,3,2,NON_AD,3184.7680113292854
014,111,2019,3,3,NON_AD,1943.9249138572948
014,111,2019,3,4,NON_AD,8988.881150935438
014,111,2019,4,1,NON_AD,9978.26423746358
014,111,2019,4,2,NON_AD,7797.53119913217
014,111,2019,4,3,NON_AD,8973.98780460923
014,111,2019,4,4,NON_AD,8322.31817010243
014,111,2019,5,1,NON_AD,7340.806922281247
014,111,2019,5,2,NON_AD,8171.9671258948165
014,111,2019,5,3,NON_AD,6921.565857522207
014,111,2019,5,4,NON_AD,8557.55086299978
014,111,2019,6,1,NON_AD,4492.678812322766
014,111,2019,6,2,NON_AD,6553.642329548138
014,111,2019,6,3,NON_AD,8207.667960862917
014,111,2019,6,4,NON_AD,6363.664886553722
014,111,2019,7,1,NON_AD,3336.7794660991026
014,111,2019,7,2,NON_AD,6529.815514194137
014,111,2019,7,3,NON_AD,1926.421213036967
014,111,2019,7,4,NON_AD,9180.081864997657
014,111,2019,8,1,NON_AD,9873.7764522848
014,111,2019,8,2,NON_AD,2287.6238401397445
014,111,2019,8,3,NON_AD,4490.271908941977
014,111,2019,8,4,NON_AD,4999.470928203996
014,111,2019,9,1,NON_AD,2672.6075323049563
014,111,2019,9,2,NON_AD,4751.804350915013
014,111,2019,9,3,NON_AD,4362.015511689853
014,111,2019,9,4,NON_AD,9881.68788174371
014,111,2019,10,1,NON_AD,3290.211084050856
014,111,2019,10,2,NON_AD,1623.7602824727137
014,111,2019,10,3,NON_AD,5791.815350605736
014,111,2019,10,4,NON_AD,8653.106348454645
014,111,2019,11,1,NON_AD,8769.856673114813
014,111,2019,11,2,NON_AD,7329.637924864832
014,111,2019,11,3,NON_AD,7740.054701881058
014,111,2019,11,4,NON_AD,2555.72177633774
014,111,2019,12,1,NON_AD,2535.429690720147
014,111,2019,12,2,NON_AD,7740.03743687724
014,111,2019,12,3,NON_AD,8258.073184700253
014,111,2019,12,4,NON_AD,9954.140996552109
014,111,2019,13,1,NON_AD,2701.1850343303904
014,111,2019,13,2,NON_AD,2585.385259682828
014,111,2019,13,3,NON_AD,7344.469656625432
014,111,2019,13,4,NON_AD,8389.712800964353
014,111,2019,1,1,PPG,7392.947966038348
014,111,2019,1,2,PPG,3266.74162481711
014,111,2019,1,3,PPG,8030.43469871435
014,111,2019,1,4,PPG,7147.533866841542
014,111,2019,2,1,PPG,2482.696235418838
014,111,2019,2,2,PPG,2278.4250206600227
014,111,2019,2,3,PPG,6024.276361174438
014,111,2019,2,4,PPG,3235.6744272539077
014,111,2019,3,1,PPG,4715.7454142961415
014,111,2019,3,2,PPG,1099.8174226685203
014,111,2019,3,3,PPG,5774.398593352274
014,111,2019,3,4,PPG,8720.456869805505
014,111,2019,4,1,PPG,5359.41347461249
014,111,2019,4,2,PPG,3013.2694743634906
014,111,2019,4,3,PPG,1626.8169124505876
014,111,2019,4,4,PPG,8815.610164359088
014,111,2019,5,1,PPG,2688.991385105715
014,111,2019,5,2,PPG,1831.9541922873577
014,111,2019,5,3,PPG,3061.9549717718214
014,111,2019,5,4,PPG,6387.304840499274
014,111,2019,6,1,PPG,2603.8808264294667
014,111,2019,6,2,PPG,6771.894709807673
014,111,2019,6,3,PPG,8081.134110378972
014,111,2019,6,4,PPG,2105.196558606421
014,111,2019,7,1,PPG,2881.0339172868767
014,111,2019,7,2,PPG,4747.231945944731
014,111,2019,7,3,PPG,5429.531161822706
014,111,2019,7,4,PPG,3456.8880734518602
014,111,2019,8,1,PPG,6777.06872452302
014,111,2019,8,2,PPG,8972.783513854403
014,111,2019,8,3,PPG,5004.437853077541
014,111,2019,8,4,PPG,2737.9059859382824
014,111,2019,9,1,PPG,3986.247654460146
014,111,2019,9,2,PPG,5400.14266939053
014,111,2019,9,3,PPG,9137.711224903025
014,111,2019,9,4,PPG,9350.0704111467
014,111,2019,10,1,PPG,5424.86774615187
014,111,2019,10,2,PPG,2279.951249389149
014,111,2019,10,3,PPG,8450.827521784044
014,111,2019,10,4,PPG,2623.2632164283923
014,111,2019,11,1,PPG,1296.6910128070936
014,111,2019,11,2,PPG,6102.970514214629
014,111,2019,11,3,PPG,8878.912408384806
014,111,2019,11,4,PPG,9408.640215239444
014,111,2019,12,1,PPG,8039.000900790195
014,111,2019,12,2,PPG,9511.894767572472
014,111,2019,12,3,PPG,4635.949580320422
014,111,2019,12,4,PPG,2025.7286035535276
014,111,2019,13,1,PPG,2268.5562496862976
014,111,2019,13,2,PPG,5101.193764566029
014,111,2019,13,3,PPG,1731.580122499376
014,111,2019,13,4,PPG,3599.6244880771023
014,111,2019,1,1,WT,5932.29926065553
014,111,2019,1,2,WT,8707.841630438206
014,111,2019,1,3,WT,2778.124313526425
014,111,2019,1,4,WT,3284.4268272483014
014,111,2019,2,1,WT,9103.928754939556
014,111,2019,2,2,WT,5041.1206410701425
014,111,2019,2,3,WT,3536.34803463794
014,111,2019,2,4,WT,6115.8438875828115
014,111,2019,3,1,WT,6210.616485305518
014,111,2019,3,2,WT,4800.912220390671
014,111,2019,3,3,WT,9090.32340442879
014,111,2019,3,4,WT,6170.276263358402
014,111,2019,4,1,WT,5511.789842763624
014,111,2019,4,2,WT,9247.073901643009
014,111,2019,4,3,WT,6682.7433024139345
014,111,2019,4,4,WT,4284.806247756352
014,111,2019,5,1,WT,3913.383158678488
014,111,2019,5,2,WT,5364.556270029483
014,111,2019,5,3,WT,1696.8935936903883
014,111,2019,5,4,WT,6312.135792228065
014,111,2019,6,1,WT,5856.831020451738
014,111,2019,6,2,WT,8868.17354417064
014,111,2019,6,3,WT,4513.974468323062
014,111,2019,6,4,WT,6823.366054003088
014,111,2019,7,1,WT,1386.4302930879105
014,111,2019,7,2,WT,6249.353476867831
014,111,2019,7,3,WT,1691.103509606073
014,111,2019,7,4,WT,9643.53311453863
014,111,2019,8,1,WT,8843.969416183038
014,111,2019,8,2,WT,5778.894331008196
014,111,2019,8,3,WT,1025.8353135314692
014,111,2019,8,4,WT,9463.200251380296
014,111,2019,9,1,WT,1970.275678433184
014,111,2019,9,2,WT,6326.420591851306
014,111,2019,9,3,WT,4854.167448376182
014,111,2019,9,4,WT,9280.93189061485
014,111,2019,10,1,WT,1115.1680879678975
014,111,2019,10,2,WT,2324.7212583016835
014,111,2019,10,3,WT,9081.964572429668
014,111,2019,10,4,WT,1074.2634952439291
014,111,2019,11,1,WT,8576.834316583574
014,111,2019,11,2,WT,8833.372460282793
014,111,2019,11,3,WT,4564.901173548193
014,111,2019,11,4,WT,6437.313001627342
014,111,2019,12,1,WT,6843.421412204078
014,111,2019,12,2,WT,2505.687012494952
014,111,2019,12,3,WT,2356.216696143836
014,111,2019,12,4,WT,7149.870396441973
014,111,2019,13,1,WT,2027.837926150182
014,111,2019,13,2,WT,6750.487153402968
014,111,2019,13,3,WT,9800.115908722757
014,111,2019,13,4,WT,3245.7024885532564
014,101,2019,1,1,AD,7585.365816772765
014,101,2019,1,2,AD,6987.7731908444275
014,101,2019,1,3,AD,6056.312122027704
014,101,2019,1,4,AD,1987.2202914128525
014,101,2019,2,1,AD,6364.3107922230765
014,101,2019,2,2,AD,4538.362195812275
014,101,2019,2,3,AD,7439.410097782815
014,101,2019,2,4,AD,1188.7988922147354
014,101,2019,3,1,AD,8824.418550200324
014,101,2019,3,2,AD,2084.3111264642603
014,101,2019,3,3,AD,4613.067161781821
014,101,2019,3,4,AD,1329.1868610090821
014,101,2019,4,1,AD,4132.647229609025
014,101,2019,4,2,AD,8806.693193868385
014,101,2019,4,3,AD,4905.131113060391
014,101,2019,4,4,AD,5744.60988974174
014,101,2019,5,1,AD,6169.3974559974895
014,101,2019,5,2,AD,1097.3922774543346
014,101,2019,5,3,AD,9158.319744377082
014,101,2019,5,4,AD,2718.3542826239677
014,101,2019,6,1,AD,6488.958992129422
014,101,2019,6,2,AD,4693.217450079075
014,101,2019,6,3,AD,1071.016797749173
014,101,2019,6,4,AD,4651.9858167756665
014,101,2019,7,1,AD,7931.099458258089
014,101,2019,7,2,AD,1377.6784072136875
014,101,2019,7,3,AD,4854.99080783952
014,101,2019,7,4,AD,3752.2933854012545
014,101,2019,8,1,AD,2985.7349710727185
014,101,2019,8,2,AD,1372.8961008797503
014,101,2019,8,3,AD,8161.944505232845
014,101,2019,8,4,AD,2859.857167844407
014,101,2019,9,1,AD,1858.3723892138737
014,101,2019,9,2,AD,2859.3696727951274
014,101,2019,9,3,AD,7436.244015328676
014,101,2019,9,4,AD,9296.65090290622
014,101,2019,10,1,AD,3599.990333232823
014,101,2019,10,2,AD,9331.106079469286
014,101,2019,10,3,AD,1507.3268152059597
014,101,2019,10,4,AD,7785.6984200910565
014,101,2019,11,1,AD,1906.9865206476675
014,101,2019,11,2,AD,9466.325350686842
014,101,2019,11,3,AD,1903.1807134214116
014,101,2019,11,4,AD,5842.518137509671
014,101,2019,12,1,AD,5573.483296583464
014,101,2019,12,2,AD,8104.007334423341
014,101,2019,12,3,AD,1058.24099923707
014,101,2019,12,4,AD,8961.613854485999
014,101,2019,13,1,AD,1952.5522384997707
014,101,2019,13,2,AD,2708.6364954751216
014,101,2019,13,3,AD,4671.896397963807
014,101,2019,13,4,AD,3751.9794962948604
014,101,2019,1,1,NON_AD,7623.181020407473
014,101,2019,1,2,NON_AD,1981.3608494822768
014,101,2019,1,3,NON_AD,1449.8422332132106
014,101,2019,1,4,NON_AD,9816.023853822191
014,101,2019,2,1,NON_AD,6609.246236797043
014,101,2019,2,2,NON_AD,4309.911166401657
014,101,2019,2,3,NON_AD,7053.821423675843
014,101,2019,2,4,NON_AD,9000.028538153769
014,101,2019,3,1,NON_AD,5889.491245568909
014,101,2019,3,2,NON_AD,7709.839085554683
014,101,2019,3,3,NON_AD,3792.957069715326
014,101,2019,3,4,NON_AD,1889.7084159877509
014,101,2019,4,1,NON_AD,5985.362918013075
014,101,2019,4,2,NON_AD,9190.770304063244
014,101,2019,4,3,NON_AD,7150.417939500249
014,101,2019,4,4,NON_AD,5782.721448930228
014,101,2019,5,1,NON_AD,5948.418667085244
014,101,2019,5,2,NON_AD,4508.196915901626
014,101,2019,5,3,NON_AD,8129.581763031198
014,101,2019,5,4,NON_AD,4390.328105670167
014,101,2019,6,1,NON_AD,7245.159161824874
014,101,2019,6,2,NON_AD,1495.4784438591805
014,101,2019,6,3,NON_AD,6175.840017603544
014,101,2019,6,4,NON_AD,8763.206804772926
014,101,2019,7,1,NON_AD,6255.7581677081325
014,101,2019,7,2,NON_AD,9701.973536601025
014,101,2019,7,3,NON_AD,8386.55869953115
014,101,2019,7,4,NON_AD,4971.819861694619
014,101,2019,8,1,NON_AD,3787.164545097571
014,101,2019,8,2,NON_AD,5994.789546515388
014,101,2019,8,3,NON_AD,1127.4136215432197
014,101,2019,8,4,NON_AD,1206.00466000422
014,101,2019,9,1,NON_AD,5211.611836639925
014,101,2019,9,2,NON_AD,4313.86356508745
014,101,2019,9,3,NON_AD,5671.15524606388
014,101,2019,9,4,NON_AD,2560.714477620622
014,101,2019,10,1,NON_AD,3513.5896629626313
014,101,2019,10,2,NON_AD,3139.9959768976596
014,101,2019,10,3,NON_AD,4633.520345620567
014,101,2019,10,4,NON_AD,1221.8372358852903
014,101,2019,11,1,NON_AD,2503.929627105347
014,101,2019,11,2,NON_AD,5636.171230852054
014,101,2019,11,3,NON_AD,1294.8615533591226
014,101,2019,11,4,NON_AD,2831.5774230258016
014,101,2019,12,1,NON_AD,7952.778976105137
014,101,2019,12,2,NON_AD,9087.601535525406
014,101,2019,12,3,NON_AD,2924.9864230620915
014,101,2019,12,4,NON_AD,5168.112555490778
014,101,2019,13,1,NON_AD,4937.504032232198
014,101,2019,13,2,NON_AD,8110.86122132125
014,101,2019,13,3,NON_AD,7175.016240936731
014,101,2019,13,4,NON_AD,6842.179496025561
014,101,2019,1,1,PPG,4115.249898626642
014,101,2019,1,2,PPG,4511.882254519214
014,101,2019,1,3,PPG,9121.607926478962
014,101,2019,1,4,PPG,1587.1938505199669
014,101,2019,2,1,PPG,3278.719119115439
014,101,2019,2,2,PPG,1340.7122323924586
014,101,2019,2,3,PPG,9003.335926014333
014,101,2019,2,4,PPG,7171.990439248934
014,101,2019,3,1,PPG,1600.643283668977
014,101,2019,3,2,PPG,5031.191346597275
014,101,2019,3,3,PPG,8856.393372570465
014,101,2019,3,4,PPG,5836.803378798298
014,101,2019,4,1,PPG,5861.371314831098
014,101,2019,4,2,PPG,7625.623490239267
014,101,2019,4,3,PPG,9212.266437611026
014,101,2019,4,4,PPG,4579.431459192564
014,101,2019,5,1,PPG,8823.943889553444
014,101,2019,5,2,PPG,9172.146943652891
014,101,2019,5,3,PPG,4342.7082286006935
014,101,2019,5,4,PPG,3493.371660692616
014,101,2019,6,1,PPG,8746.941220334484
014,101,2019,6,2,PPG,7587.041455306313
014,101,2019,6,3,PPG,4337.2121113747335
014,101,2019,6,4,PPG,3378.2086346448486
014,101,2019,7,1,PPG,6006.9056978951585
014,101,2019,7,2,PPG,5437.295314394674
014,101,2019,7,3,PPG,5969.220564311494
014,101,2019,7,4,PPG,5749.521560673549
014,101,2019,8,1,PPG,5929.284507351444
014,101,2019,8,2,PPG,9304.492313089866
014,101,2019,8,3,PPG,6355.740998514093
014,101,2019,8,4,PPG,3662.8466706944823
014,101,2019,9,1,PPG,9584.494289154365
014,101,2019,9,2,PPG,1296.7063933729044
014,101,2019,9,3,PPG,2597.1242895449495
014,101,2019,9,4,PPG,4083.2709047308927
014,101,2019,10,1,PPG,5528.472447889455
014,101,2019,10,2,PPG,5325.121031832178
014,101,2019,10,3,PPG,8936.431306890001
014,101,2019,10,4,PPG,6714.718764494247
014,101,2019,11,1,PPG,1342.8744338987083
014,101,2019,11,2,PPG,4927.820130237954
014,101,2019,11,3,PPG,1291.2666866713803
014,101,2019,11,4,PPG,8681.900629518397
014,101,2019,12,1,PPG,3566.5217790437187
014,101,2019,12,2,PPG,6487.615635507384
014,101,2019,12,3,PPG,1353.335707478852
014,101,2019,12,4,PPG,3105.0055722038037
014,101,2019,13,1,PPG,2834.3423079307595
014,101,2019,13,2,PPG,5038.462490369155
014,101,2019,13,3,PPG,2460.6883146537834
014,101,2019,13,4,PPG,6328.634472615957
014,101,2019,1,1,WT,4999.097828633325
014,101,2019,1,2,WT,7973.004558858176
014,101,2019,1,3,WT,5580.987129637142
014,101,2019,1,4,WT,9085.626758575547
014,101,2019,2,1,WT,9252.60037910344
014,101,2019,2,2,WT,8180.233649172429
014,101,2019,2,3,WT,4233.757723362478
014,101,2019,2,4,WT,3391.0191292064865
014,101,2019,3,1,WT,7089.962667708242
014,101,2019,3,2,WT,5258.207108653816
014,101,2019,3,3,WT,6550.67275549021
014,101,2019,3,4,WT,4949.258924194732
014,101,2019,4,1,WT,9339.736725482097
014,101,2019,4,2,WT,1357.420395242637
014,101,2019,4,3,WT,9731.107325246214
014,101,2019,4,4,WT,4487.7826520098715
014,101,2019,5,1,WT,3104.982422191027
014,101,2019,5,2,WT,7934.6307175213715
014,101,2019,5,3,WT,7481.2569938885745
014,101,2019,5,4,WT,9442.567810901039
014,101,2019,6,1,WT,5837.202816625016
014,101,2019,6,2,WT,7423.356864983444
014,101,2019,6,3,WT,9348.099684067789
014,101,2019,6,4,WT,8557.283988299227
014,101,2019,7,1,WT,1892.667084826788
014,101,2019,7,2,WT,9770.561300695039
014,101,2019,7,3,WT,8875.11358330265
014,101,2019,7,4,WT,4110.721380342216
014,101,2019,8,1,WT,6994.390724855021
014,101,2019,8,2,WT,4316.564408708386
014,101,2019,8,3,WT,2845.372039554909
014,101,2019,8,4,WT,8686.711404797192
014,101,2019,9,1,WT,2363.912768180516
014,101,2019,9,2,WT,5715.747480623734
014,101,2019,9,3,WT,8425.956316112319
014,101,2019,9,4,WT,7277.196171371743
014,101,2019,10,1,WT,4431.2838532960905
014,101,2019,10,2,WT,2665.1947628002526
014,101,2019,10,3,WT,6704.806275986122
014,101,2019,10,4,WT,4198.959375993533
014,101,2019,11,1,WT,1822.3592522690406
014,101,2019,11,2,WT,9790.421200839493
014,101,2019,11,3,WT,6609.351998075404
014,101,2019,11,4,WT,4822.668719193493
014,101,2019,12,1,WT,3597.976264735251
014,101,2019,12,2,WT,6414.449996741082
014,101,2019,12,3,WT,6590.42652872396
014,101,2019,12,4,WT,8741.839426532624
014,101,2019,13,1,WT,4501.511951625319
014,101,2019,13,2,WT,6793.665005687202
014,101,2019,13,3,WT,9827.493207783209
014,101,2019,13,4,WT,7178.92937137776
011,100,2019,1,1,AD,8571.873794322553
011,100,2019,1,2,AD,3627.6215008322074
011,100,2019,1,3,AD,2289.5685130491865
011,100,2019,1,4,AD,2646.980079863645
011,100,2019,2,1,AD,5511.385039080692
011,100,2019,2,2,AD,2929.117368765762
011,100,2019,2,3,AD,5359.735195559495
011,100,2019,2,4,AD,4773.945547246196
011,100,2019,3,1,AD,4333.9271309871165
011,100,2019,3,2,AD,9472.383121713725
011,100,2019,3,3,AD,2104.856324577434
011,100,2019,3,4,AD,7168.671892384607
011,100,2019,4,1,AD,4759.792942361155
011,100,2019,4,2,AD,5921.659248054569
011,100,2019,4,3,AD,6952.294213041919
011,100,2019,4,4,AD,3063.6462609479822
011,100,2019,5,1,AD,6805.846063377295
011,100,2019,5,2,AD,4960.555235584112
011,100,2019,5,3,AD,5881.001725861439
011,100,2019,5,4,AD,2338.691957643953
011,100,2019,6,1,AD,4855.69860263691
011,100,2019,6,2,AD,7261.718635825572
011,100,2019,6,3,AD,1402.4725271405487
011,100,2019,6,4,AD,1236.7618862527572
011,100,2019,7,1,AD,3345.96362488379
011,100,2019,7,2,AD,3910.620555774509
011,100,2019,7,3,AD,5310.435998937862
011,100,2019,7,4,AD,9419.350972922255
011,100,2019,8,1,AD,5290.6193726531255
011,100,2019,8,2,AD,6433.327273526184
011,100,2019,8,3,AD,1604.5257008903664
011,100,2019,8,4,AD,1151.5872772414841
011,100,2019,9,1,AD,7350.2590734231535
011,100,2019,9,2,AD,6428.052808838719
011,100,2019,9,3,AD,5548.9950468472225
011,100,2019,9,4,AD,3924.0933617252917
011,100,2019,10,1,AD,8845.576702919638
011,100,2019,10,2,AD,5109.944070839791
011,100,2019,10,3,AD,8195.665310491782
011,100,2019,10,4,AD,2765.4371237267605
011,100,2019,11,1,AD,8220.151290401323
011,100,2019,11,2,AD,8057.728134050872
011,100,2019,11,3,AD,2793.0865258774575
011,100,2019,11,4,AD,8264.024227630496
011,100,2019,12,1,AD,1658.984677610018
011,100,2019,12,2,AD,2013.7092597434712
011,100,2019,12,3,AD,7694.707650472263
011,100,2019,12,4,AD,8640.544079456547
011,100,2019,13,1,AD,1438.7702154022847
011,100,2019,13,2,AD,6808.215276717908
011,100,2019,13,3,AD,3628.893238647978
011,100,2019,13,4,AD,1566.2844301861755
011,100,2019,1,1,NON_AD,2194.207903088288
011,100,2019,1,2,NON_AD,1971.086580683379
011,100,2019,1,3,NON_AD,8175.447494761008
011,100,2019,1,4,NON_AD,1195.4984376809277
011,100,2019,2,1,NON_AD,4774.060207489752
011,100,2019,2,2,NON_AD,8813.67788284216
011,100,2019,2,3,NON_AD,4090.7774743156438
011,100,2019,2,4,NON_AD,6651.503626064895
011,100,2019,3,1,NON_AD,3724.1599189642407
011,100,2019,3,2,NON_AD,9007.130218274284
011,100,2019,3,3,NON_AD,2652.0687416857018
011,100,2019,3,4,NON_AD,6129.836392909408
011,100,2019,4,1,NON_AD,4844.408357776259
011,100,2019,4,2,NON_AD,8158.301249087968
011,100,2019,4,3,NON_AD,1694.695488022569
011,100,2019,4,4,NON_AD,8032.809268171938
011,100,2019,5,1,NON_AD,6879.250758961507
011,100,2019,5,2,NON_AD,7232.227271098664
011,100,2019,5,3,NON_AD,1103.945740465924
011,100,2019,5,4,NON_AD,7301.723691701524
011,100,2019,6,1,NON_AD,3250.121781248823
011,100,2019,6,2,NON_AD,8347.041699557767
011,100,2019,6,3,NON_AD,2812.643983577169
011,100,2019,6,4,NON_AD,2322.55287614032
011,100,2019,7,1,NON_AD,9063.79033431902
011,100,2019,7,2,NON_AD,9770.603850419477
011,100,2019,7,3,NON_AD,5094.050936210699
011,100,2019,7,4,NON_AD,4238.491638059433
011,100,2019,8,1,NON_AD,6462.508397120067
011,100,2019,8,2,NON_AD,8025.527761618351
011,100,2019,8,3,NON_AD,1966.3345888201775
011,100,2019,8,4,NON_AD,7221.941521654306
011,100,2019,9,1,NON_AD,2731.511170538919
011,100,2019,9,2,NON_AD,9934.749350535269
011,100,2019,9,3,NON_AD,4867.6352650214785
011,100,2019,9,4,NON_AD,5535.461163268675
011,100,2019,10,1,NON_AD,8102.030553234102
011,100,2019,10,2,NON_AD,9158.011223965354
011,100,2019,10,3,NON_AD,4887.858476438936
011,100,2019,10,4,NON_AD,3907.8281107801804
011,100,2019,11,1,NON_AD,4463.864073617626
011,100,2019,11,2,NON_AD,4422.379608319019
011,100,2019,11,3,NON_AD,8305.815596183442
011,100,2019,11,4,NON_AD,6811.960212120504
011,100,2019,12,1,NON_AD,9979.84556734165
011,100,2019,12,2,NON_AD,8712.596297517342
011,100,2019,12,3,NON_AD,3109.6572658885666
011,100,2019,12,4,NON_AD,8122.543105834743
011,100,2019,13,1,NON_AD,2774.0814244137264
011,100,2019,13,2,NON_AD,9016.37336445213
011,100,2019,13,3,NON_AD,8007.56982388793
011,100,2019,13,4,NON_AD,5466.724428416449
011,100,2019,1,1,PPG,5054.555303825422
011,100,2019,1,2,PPG,3633.8110726369687
011,100,2019,1,3,PPG,1993.2583274554395
011,100,2019,1,4,PPG,5116.750988141054
011,100,2019,2,1,PPG,2723.128095345289
011,100,2019,2,2,PPG,8169.1777852087
011,100,2019,2,3,PPG,6246.410732380054
011,100,2019,2,4,PPG,9239.985988837805
011,100,2019,3,1,PPG,6960.818116269218
011,100,2019,3,2,PPG,4317.260735588066
011,100,2019,3,3,PPG,2988.8121403151736
011,100,2019,3,4,PPG,7931.917689604971
011,100,2019,4,1,PPG,7527.3896474472895
011,100,2019,4,2,PPG,4743.150391779402
011,100,2019,4,3,PPG,6414.372667831918
011,100,2019,4,4,PPG,3866.3650058004155
011,100,2019,5,1,PPG,2216.020603835661
011,100,2019,5,2,PPG,2302.5912559622057
011,100,2019,5,3,PPG,7859.259111117415
011,100,2019,5,4,PPG,7552.099063099335
011,100,2019,6,1,PPG,7999.8021188469
011,100,2019,6,2,PPG,4379.70131428027
011,100,2019,6,3,PPG,7042.666991839857
011,100,2019,6,4,PPG,5176.294750469178
011,100,2019,7,1,PPG,9344.935494742569
011,100,2019,7,2,PPG,8444.30455614991
011,100,2019,7,3,PPG,8743.962514273579
011,100,2019,7,4,PPG,4218.37516856034
011,100,2019,8,1,PPG,8913.291733563678
011,100,2019,8,2,PPG,2238.455321044674
011,100,2019,8,3,PPG,6261.792869528669
011,100,2019,8,4,PPG,3200.8532397680865
011,100,2019,9,1,PPG,6271.155223183356
011,100,2019,9,2,PPG,5480.8851123537
011,100,2019,9,3,PPG,2538.59921433217
011,100,2019,9,4,PPG,1456.58180054446
011,100,2019,10,1,PPG,1638.9179603554608
011,100,2019,10,2,PPG,4700.911071496472
011,100,2019,10,3,PPG,3090.16500517603
011,100,2019,10,4,PPG,1084.5036112814748
011,100,2019,11,1,PPG,3814.05148028084
011,100,2019,11,2,PPG,3470.7333621504104
011,100,2019,11,3,PPG,8617.732757396549
011,100,2019,11,4,PPG,4172.628022845898
011,100,2019,12,1,PPG,3338.097689745512
011,100,2019,12,2,PPG,5744.444252347938
011,100,2019,12,3,PPG,1178.6307409922538
011,100,2019,12,4,PPG,9285.26546570388
011,100,2019,13,1,PPG,9860.491947861186
011,100,2019,13,2,PPG,5543.834425079515
011,100,2019,13,3,PPG,7973.24746058673
011,100,2019,13,4,PPG,3858.7899071166794
011,100,2019,1,1,WT,6147.479912055696
011,100,2019,1,2,WT,4175.952287520779
011,100,2019,1,3,WT,4706.0340189407425
011,100,2019,1,4,WT,8878.599562851636
011,100,2019,2,1,WT,3988.4509721653108
011,100,2019,2,2,WT,3282.370093461207
011,100,2019,2,3,WT,2112.4610202309545
011,100,2019,2,4,WT,4514.000420105465
011,100,2019,3,1,WT,4370.596129764303
011,100,2019,3,2,WT,5187.116003767698
011,100,2019,3,3,WT,8652.616748830387
011,100,2019,3,4,WT,7803.100492778781
011,100,2019,4,1,WT,9164.600374377744
011,100,2019,4,2,WT,3504.187999468969
011,100,2019,4,3,WT,1021.1634416400857
011,100,2019,4,4,WT,1243.282735021804
011,100,2019,5,1,WT,5664.725233946696
011,100,2019,5,2,WT,5435.639814601277
011,100,2019,5,3,WT,4538.784065654734
011,100,2019,5,4,WT,6096.511537260814
011,100,2019,6,1,WT,9374.867990056786
011,100,2019,6,2,WT,1767.5514921377248
011,100,2019,6,3,WT,6966.672408117354
011,100,2019,6,4,WT,2681.445637732884
011,100,2019,7,1,WT,1515.7443423277198
011,100,2019,7,2,WT,1396.6225368429261
011,100,2019,7,3,WT,9094.618057657915
011,100,2019,7,4,WT,8740.982034541752
011,100,2019,8,1,WT,2596.371484159784
011,100,2019,8,2,WT,2866.8351325669164
011,100,2019,8,3,WT,9951.437247988782
011,100,2019,8,4,WT,4719.7950442670135
011,100,2019,9,1,WT,9199.709537317149
011,100,2019,9,2,WT,7679.450279435599
011,100,2019,9,3,WT,9990.952943757013
011,100,2019,9,4,WT,1170.5952604981694
011,100,2019,10,1,WT,7516.662109780327
011,100,2019,10,2,WT,7560.870610521126
011,100,2019,10,3,WT,5053.808799430207
011,100,2019,10,4,WT,9716.587796571863
011,100,2019,11,1,WT,4493.918282829543
011,100,2019,11,2,WT,8731.61974308244
011,100,2019,11,3,WT,6273.06635793236
011,100,2019,11,4,WT,2052.418375876764
011,100,2019,12,1,WT,9830.908979586386
011,100,2019,12,2,WT,6590.135654794311
011,100,2019,12,3,WT,5825.702209419313
011,100,2019,12,4,WT,8359.716438607298
011,100,2019,13,1,WT,3688.1396418259774
011,100,2019,13,2,WT,7097.482120682158
011,100,2019,13,3,WT,9002.560694395443
011,100,2019,13,4,WT,5298.0505315623905
011,150,2019,1,1,AD,9976.555481769568
011,150,2019,1,2,AD,7464.067786132173
011,150,2019,1,3,AD,6297.174719409122
011,150,2019,1,4,AD,2110.7353712615886
011,150,2019,2,1,AD,4606.438317625725
011,150,2019,2,2,AD,2625.310454218981
011,150,2019,2,3,AD,1765.4735459742528
011,150,2019,2,4,AD,9638.28065343185
011,150,2019,3,1,AD,5517.442693218494
011,150,2019,3,2,AD,2164.3913567470818
011,150,2019,3,3,AD,2302.9587313550555
011,150,2019,3,4,AD,5984.8718897437
011,150,2019,4,1,AD,7041.908354317854
011,150,2019,4,2,AD,4343.572058904043
011,150,2019,4,3,AD,2250.6361405580856
011,150,2019,4,4,AD,1424.4523296677037
011,150,2019,5,1,AD,7164.326539673579
011,150,2019,5,2,AD,7131.75741526731
011,150,2019,5,3,AD,5909.513286685096
011,150,2019,5,4,AD,1503.830551097587
011,150,2019,6,1,AD,4679.553569045798
011,150,2019,6,2,AD,7320.19256215975
011,150,2019,6,3,AD,5858.786405282466
011,150,2019,6,4,AD,2508.393088525142
011,150,2019,7,1,AD,6908.674664134936
011,150,2019,7,2,AD,5094.028772788529
011,150,2019,7,3,AD,3714.2075679096943
011,150,2019,7,4,AD,8269.503006332412
011,150,2019,8,1,AD,2804.215673603938
011,150,2019,8,2,AD,4819.000151806312
011,150,2019,8,3,AD,7944.162929990884
011,150,2019,8,4,AD,8057.180968757231
011,150,2019,9,1,AD,9167.374587717417
011,150,2019,9,2,AD,7821.019653303333
011,150,2019,9,3,AD,6095.079553364669
011,150,2019,9,4,AD,7714.613413828046
011,150,2019,10,1,AD,3892.3754429838773
011,150,2019,10,2,AD,8332.898436421307
011,150,2019,10,3,AD,9923.213928163972
011,150,2019,10,4,AD,2100.2078964111724
011,150,2019,11,1,AD,8739.47849465572
011,150,2019,11,2,AD,5027.833227407491
011,150,2019,11,3,AD,4753.247780190684
011,150,2019,11,4,AD,1508.1908405772688
011,150,2019,12,1,AD,5223.678185881366
011,150,2019,12,2,AD,4850.232853269084
011,150,2019,12,3,AD,9866.683058110657
011,150,2019,12,4,AD,6192.039974666307
011,150,2019,13,1,AD,2619.703751589157
011,150,2019,13,2,AD,6789.606159259124
011,150,2019,13,3,AD,4813.831237051958
011,150,2019,13,4,AD,6662.27470932555
011,150,2019,1,1,NON_AD,2953.7392801445185
011,150,2019,1,2,NON_AD,4041.2789252546963
011,150,2019,1,3,NON_AD,6290.244243684041
011,150,2019,1,4,NON_AD,5279.314889371781
011,150,2019,2,1,NON_AD,8655.157109490441
011,150,2019,2,2,NON_AD,7104.122132335151
011,150,2019,2,3,NON_AD,9596.606998322815
011,150,2019,2,4,NON_AD,6382.715894846064
011,150,2019,3,1,NON_AD,1882.694937493848
011,150,2019,3,2,NON_AD,5458.296425763618
011,150,2019,3,3,NON_AD,3896.376517847927
011,150,2019,3,4,NON_AD,4422.547718019584
011,150,2019,4,1,NON_AD,5121.392508255439
011,150,2019,4,2,NON_AD,2037.273136973337
011,150,2019,4,3,NON_AD,5644.662648134569
011,150,2019,4,4,NON_AD,8033.274504667749
011,150,2019,5,1,NON_AD,7385.4839215825705
011,150,2019,5,2,NON_AD,9725.41487433963
011,150,2019,5,3,NON_AD,1181.0624458897069
011,150,2019,5,4,NON_AD,3711.551136107393
011,150,2019,6,1,NON_AD,1984.4950719665326
011,150,2019,6,2,NON_AD,6662.5168345101265
011,150,2019,6,3,NON_AD,2102.152699639425
011,150,2019,6,4,NON_AD,8089.066509474854
011,150,2019,7,1,NON_AD,1628.9043971091642
011,150,2019,7,2,NON_AD,9270.833459061694
011,150,2019,7,3,NON_AD,9247.173217825903
011,150,2019,7,4,NON_AD,8283.55545958593
011,150,2019,8,1,NON_AD,9916.829336240677
011,150,2019,8,2,NON_AD,3647.186191364731
011,150,2019,8,3,NON_AD,5818.465945597827
011,150,2019,8,4,NON_AD,7013.783283909258
011,150,2019,9,1,NON_AD,2707.2343581661426
011,150,2019,9,2,NON_AD,2251.638323231674
011,150,2019,9,3,NON_AD,6456.694972267487
011,150,2019,9,4,NON_AD,1266.7753492261281
011,150,2019,10,1,NON_AD,5609.241996791288
011,150,2019,10,2,NON_AD,4599.711950033952
011,150,2019,10,3,NON_AD,9087.383134877564
011,150,2019,10,4,NON_AD,5053.816862817199
011,150,2019,11,1,NON_AD,5409.756324894672
011,150,2019,11,2,NON_AD,5028.305849143779
011,150,2019,11,3,NON_AD,9604.01755582546
011,150,2019,11,4,NON_AD,4797.08534915922
011,150,2019,12,1,NON_AD,4175.835065625266
011,150,2019,12,2,NON_AD,9144.111568521188
011,150,2019,12,3,NON_AD,4662.4832598841795
011,150,2019,12,4,NON_AD,9897.056300635706
011,150,2019,13,1,NON_AD,1382.0986541044192
011,150,2019,13,2,NON_AD,1710.9836848022137
011,150,2019,13,3,NON_AD,1100.2042745830265
011,150,2019,13,4,NON_AD,5515.985515956883
011,150,2019,1,1,PPG,5541.870533680757
011,150,2019,1,2,PPG,8791.166795439462
011,150,2019,1,3,PPG,3679.0598333521575
011,150,2019,1,4,PPG,5763.085253951244
011,150,2019,2,1,PPG,3249.1973021409326
011,150,2019,2,2,PPG,6338.983591148324
011,150,2019,2,3,PPG,7789.609531211224
011,150,2019,2,4,PPG,6124.085416831047
011,150,2019,3,1,PPG,5658.4876993721455
011,150,2019,3,2,PPG,3691.6151191993667
011,150,2019,3,3,PPG,6088.131919607097
011,150,2019,3,4,PPG,3281.2438093219257
011,150,2019,4,1,PPG,8403.69783517162
011,150,2019,4,2,PPG,7963.533522345361
011,150,2019,4,3,PPG,8753.935567235985
011,150,2019,4,4,PPG,7138.543110817796
011,150,2019,5,1,PPG,4760.638111427691
011,150,2019,5,2,PPG,9311.845696530265
011,150,2019,5,3,PPG,8536.611231606228
011,150,2019,5,4,PPG,8204.270386559536
011,150,2019,6,1,PPG,5576.0451952106605
011,150,2019,6,2,PPG,3062.1544634808724
011,150,2019,6,3,PPG,2381.8387224306825
011,150,2019,6,4,PPG,6813.174439784967
011,150,2019,7,1,PPG,6710.417725472266
011,150,2019,7,2,PPG,1799.7566439401944
011,150,2019,7,3,PPG,5358.505689299168
011,150,2019,7,4,PPG,9447.225218287569
011,150,2019,8,1,PPG,2173.644325507788
011,150,2019,8,2,PPG,1576.3009433103623
011,150,2019,8,3,PPG,6179.581018305447
011,150,2019,8,4,PPG,8766.4628652534
011,150,2019,9,1,PPG,9788.170330377152
011,150,2019,9,2,PPG,6048.182152122304
011,150,2019,9,3,PPG,7825.642035668768
011,150,2019,9,4,PPG,5687.13768204825
011,150,2019,10,1,PPG,6712.217491145134
011,150,2019,10,2,PPG,5762.93600017257
011,150,2019,10,3,PPG,7939.411769155015
011,150,2019,10,4,PPG,3107.3122069772085
011,150,2019,11,1,PPG,2538.0195906555055
011,150,2019,11,2,PPG,4542.369446698918
011,150,2019,11,3,PPG,7352.232921135637
011,150,2019,11,4,PPG,4232.918192261634
011,150,2019,12,1,PPG,2539.8128525577804
011,150,2019,12,2,PPG,6984.640582848826
011,150,2019,12,3,PPG,4033.374065286118
011,150,2019,12,4,PPG,7839.838910404801
011,150,2019,13,1,PPG,8488.613522413834
011,150,2019,13,2,PPG,5741.779423090226
011,150,2019,13,3,PPG,1276.0718516913653
011,150,2019,13,4,PPG,1649.5694992978902
011,150,2019,1,1,WT,9675.843218829523
011,150,2019,1,2,WT,3812.5177428445304
011,150,2019,1,3,WT,4316.831163849278
011,150,2019,1,4,WT,9797.827364895042
011,150,2019,2,1,WT,9166.05392864854
011,150,2019,2,2,WT,6109.5454764738615
011,150,2019,2,3,WT,3600.6571896059027
011,150,2019,2,4,WT,5801.565377357819
011,150,2019,3,1,WT,1317.7318932482933
011,150,2019,3,2,WT,4726.24186786493
011,150,2019,3,3,WT,7956.673517408055
011,150,2019,3,4,WT,5273.897293040595
011,150,2019,4,1,WT,7851.873091252311
011,150,2019,4,2,WT,3437.5775043957847
011,150,2019,4,3,WT,9260.872223572253
011,150,2019,4,4,WT,9753.442128161776
011,150,2019,5,1,WT,1043.1824055672096
011,150,2019,5,2,WT,9819.161564207794
011,150,2019,5,3,WT,4412.329368256213
011,150,2019,5,4,WT,3655.0248590779975
011,150,2019,6,1,WT,4490.942985496458
011,150,2019,6,2,WT,5493.065019124865
011,150,2019,6,3,WT,7871.49178093982
011,150,2019,6,4,WT,4342.2262796892755
011,150,2019,7,1,WT,8745.233361623286
011,150,2019,7,2,WT,8076.9381826121535
011,150,2019,7,3,WT,3563.56370161296
011,150,2019,7,4,WT,7585.016528201793
011,150,2019,8,1,WT,2688.1696957085464
011,150,2019,8,2,WT,5747.125176105614
011,150,2019,8,3,WT,9581.705390851608
011,150,2019,8,4,WT,2881.900651705783
011,150,2019,9,1,WT,2585.5247278520555
011,150,2019,9,2,WT,7648.759421696972
011,150,2019,9,3,WT,4557.620406976543
011,150,2019,9,4,WT,3917.568067948734
011,150,2019,10,1,WT,4725.714256777492
011,150,2019,10,2,WT,9808.175650538504
011,150,2019,10,3,WT,2541.8615580446885
011,150,2019,10,4,WT,8689.798932081854
011,150,2019,11,1,WT,6456.904309527568
011,150,2019,11,2,WT,3023.9490537773045
011,150,2019,11,3,WT,8029.568887498698
011,150,2019,11,4,WT,2688.574727054671
011,150,2019,12,1,WT,4222.610103028264
011,150,2019,12,2,WT,9299.294075976653
011,150,2019,12,3,WT,8623.978785500436
011,150,2019,12,4,WT,7807.599008917498
011,150,2019,13,1,WT,5510.111283702022
011,150,2019,13,2,WT,5132.696081049951
011,150,2019,13,3,WT,2754.5253884852114
011,150,2019,13,4,WT,4404.224541361152
011,111,2019,1,1,AD,4113.789918816716
011,111,2019,1,2,AD,8304.126926687277
011,111,2019,1,3,AD,5800.607075823987
011,111,2019,1,4,AD,6296.844639753958
011,111,2019,2,1,AD,8776.760552090716
011,111,2019,2,2,AD,8491.920072087749
011,111,2019,2,3,AD,5422.0785011431235
011,111,2019,2,4,AD,4814.964490222499
011,111,2019,3,1,AD,3413.1506173187377
011,111,2019,3,2,AD,9900.685877459813
011,111,2019,3,3,AD,7978.364525039659
011,111,2019,3,4,AD,3418.542512505308
011,111,2019,4,1,AD,5715.804909758292
011,111,2019,4,2,AD,4373.526262540718
011,111,2019,4,3,AD,9551.790592231813
011,111,2019,4,4,AD,5380.398979202168
011,111,2019,5,1,AD,3207.9705553560843
011,111,2019,5,2,AD,2381.46300842623
011,111,2019,5,3,AD,7310.957307790057
011,111,2019,5,4,AD,5986.5386299521515
011,111,2019,6,1,AD,4725.430252815449
011,111,2019,6,2,AD,1822.785708418955
011,111,2019,6,3,AD,7143.148582531474
011,111,2019,6,4,AD,2367.56243542386
011,111,2019,7,1,AD,9104.589963108476
011,111,2019,7,2,AD,1568.6982077634593
011,111,2019,7,3,AD,7947.10564009751
011,111,2019,7,4,AD,5421.542843394321
011,111,2019,8,1,AD,4533.368159097484
011,111,2019,8,2,AD,2528.0099735400454
011,111,2019,8,3,AD,9602.205206411698
011,111,2019,8,4,AD,1224.319289540001
011,111,2019,9,1,AD,7939.158513650895
011,111,2019,9,2,AD,3953.1431116950625
011,111,2019,9,3,AD,2360.157771381256
011,111,2019,9,4,AD,4503.218683118135
011,111,2019,10,1,AD,5470.348924498261
011,111,2019,10,2,AD,5685.917261461631
011,111,2019,10,3,AD,5590.175634515833
011,111,2019,10,4,AD,5172.55048026628
011,111,2019,11,1,AD,7704.416879803929
011,111,2019,11,2,AD,3932.0836575204594
011,111,2019,11,3,AD,4180.930724388093
011,111,2019,11,4,AD,4373.96901842385
011,111,2019,12,1,AD,9028.249106313477
011,111,2019,12,2,AD,3176.859047180187
011,111,2019,12,3,AD,8459.318281742493
011,111,2019,12,4,AD,9877.792335252252
011,111,2019,13,1,AD,9868.62806967326
011,111,2019,13,2,AD,7958.350336219163
011,111,2019,13,3,AD,3414.2670112575456
011,111,2019,13,4,AD,8686.801622720626
011,111,2019,1,1,NON_AD,6516.7320300629235
011,111,2019,1,2,NON_AD,3312.447298353759
011,111,2019,1,3,NON_AD,5514.612338600454
011,111,2019,1,4,NON_AD,3319.062858394585
011,111,2019,2,1,NON_AD,5466.867656373416
011,111,2019,2,2,NON_AD,2374.859792489949
011,111,2019,2,3,NON_AD,2333.7004861877876
011,111,2019,2,4,NON_AD,5956.975411467101
011,111,2019,3,1,NON_AD,7587.855650268083
011,111,2019,3,2,NON_AD,8753.49593476679
011,111,2019,3,3,NON_AD,2180.3892778603968
011,111,2019,3,4,NON_AD,7581.9638764848305
011,111,2019,4,1,NON_AD,5709.071190890589
011,111,2019,4,2,NON_AD,2326.0437700747234
011,111,2019,4,3,NON_AD,1919.1290972505672
011,111,2019,4,4,NON_AD,2113.987042778848
011,111,2019,5,1,NON_AD,9506.214311907484
011,111,2019,5,2,NON_AD,6166.855632120501
011,111,2019,5,3,NON_AD,1470.9007585664472
011,111,2019,5,4,NON_AD,2590.489701356375
011,111,2019,6,1,NON_AD,5161.493308035299
011,111,2019,6,2,NON_AD,8416.47452530945
011,111,2019,6,3,NON_AD,2534.707721679013
011,111,2019,6,4,NON_AD,4166.971525266571
011,111,2019,7,1,NON_AD,8976.617675866935
011,111,2019,7,2,NON_AD,7131.736853788933
011,111,2019,7,3,NON_AD,1135.8314885331563
011,111,2019,7,4,NON_AD,3849.9360045701274
011,111,2019,8,1,NON_AD,8382.192278274824
011,111,2019,8,2,NON_AD,2981.2257730076576
011,111,2019,8,3,NON_AD,6438.371562418085
011,111,2019,8,4,NON_AD,9339.236279769624
011,111,2019,9,1,NON_AD,7741.143263510622
011,111,2019,9,2,NON_AD,7746.581200412947
011,111,2019,9,3,NON_AD,3377.7065748937016
011,111,2019,9,4,NON_AD,9473.097520157344
011,111,2019,10,1,NON_AD,7310.428576741221
011,111,2019,10,2,NON_AD,2703.252391462027
011,111,2019,10,3,NON_AD,5173.875220988656
011,111,2019,10,4,NON_AD,1556.1052775234443
011,111,2019,11,1,NON_AD,1079.2816763872029
011,111,2019,11,2,NON_AD,3170.5342480911936
011,111,2019,11,3,NON_AD,9280.53746571984
011,111,2019,11,4,NON_AD,1974.676674025156
011,111,2019,12,1,NON_AD,4059.92499975018
011,111,2019,12,2,NON_AD,8448.546713268297
011,111,2019,12,3,NON_AD,2883.7826378958516
011,111,2019,12,4,NON_AD,2460.446449203212
011,111,2019,13,1,NON_AD,2517.754866360222
011,111,2019,13,2,NON_AD,5689.971202235311
011,111,2019,13,3,NON_AD,2716.9820604395313
011,111,2019,13,4,NON_AD,5050.211441427473
011,111,2019,1,1,PPG,9418.558998004513
011,111,2019,1,2,PPG,9288.49106424234
011,111,2019,1,3,PPG,8898.835334048725
011,111,2019,1,4,PPG,9153.48846345946
011,111,2019,2,1,PPG,6731.024344881191
011,111,2019,2,2,PPG,7025.3541369849745
011,111,2019,2,3,PPG,8802.443034999094
011,111,2019,2,4,PPG,4533.850890738205
011,111,2019,3,1,PPG,3542.513454392416
011,111,2019,3,2,PPG,3257.2819812479875
011,111,2019,3,3,PPG,2344.942018729531
011,111,2019,3,4,PPG,5010.674444501481
011,111,2019,4,1,PPG,2698.605305220761
011,111,2019,4,2,PPG,2915.9824589350305
011,111,2019,4,3,PPG,6076.56704108061
011,111,2019,4,4,PPG,6026.560867478122
011,111,2019,5,1,PPG,9728.384668347146
011,111,2019,5,2,PPG,1888.530615846822
011,111,2019,5,3,PPG,3820.456524707994
011,111,2019,5,4,PPG,7989.51117626014
011,111,2019,6,1,PPG,3873.3075038858105
011,111,2019,6,2,PPG,8747.775447973305
011,111,2019,6,3,PPG,8549.653462207432
011,111,2019,6,4,PPG,4182.616060949784
011,111,2019,7,1,PPG,1046.5642680913347
011,111,2019,7,2,PPG,6295.649814561506
011,111,2019,7,3,PPG,3209.9107085450246
011,111,2019,7,4,PPG,7152.92805499719
011,111,2019,8,1,PPG,5507.6929313377395
011,111,2019,8,2,PPG,6627.807363323074
011,111,2019,8,3,PPG,1657.8325206176037
011,111,2019,8,4,PPG,7416.840849662532
011,111,2019,9,1,PPG,4014.04562113585
011,111,2019,9,2,PPG,9845.589334961265
011,111,2019,9,3,PPG,5052.943949373002
011,111,2019,9,4,PPG,7651.997706589469
011,111,2019,10,1,PPG,3137.8202577889438
011,111,2019,10,2,PPG,4598.757606113455
011,111,2019,10,3,PPG,2527.9580345263284
011,111,2019,10,4,PPG,4866.04303352404
011,111,2019,11,1,PPG,6253.014672873465
011,111,2019,11,2,PPG,7282.391062947857
011,111,2019,11,3,PPG,8849.665174056237
011,111,2019,11,4,PPG,9520.384414957016
011,111,2019,12,1,PPG,7423.290458219479
011,111,2019,12,2,PPG,1520.472009211192
011,111,2019,12,3,PPG,3144.202479089609
011,111,2019,12,4,PPG,1349.8075362065902
011,111,2019,13,1,PPG,6323.950241028549
011,111,2019,13,2,PPG,5235.060305290305
011,111,2019,13,3,PPG,3265.3018209107777
011,111,2019,13,4,PPG,1468.0607725919792
011,111,2019,1,1,WT,1220.665139344034
011,111,2019,1,2,WT,8519.47850187999
011,111,2019,1,3,WT,4555.996708672583
011,111,2019,1,4,WT,5448.584596341751
011,111,2019,2,1,WT,6589.378186230346
011,111,2019,2,2,WT,8015.276740340619
011,111,2019,2,3,WT,1327.3174729443813
011,111,2019,2,4,WT,6782.712974733682
011,111,2019,3,1,WT,3741.5688286656673
011,111,2019,3,2,WT,5227.321726954283
011,111,2019,3,3,WT,6862.787682410708
011,111,2019,3,4,WT,3520.852954687181
011,111,2019,4,1,WT,6063.978726233855
011,111,2019,4,2,WT,7643.237417886199
011,111,2019,4,3,WT,9073.8444959767
011,111,2019,4,4,WT,3106.6598984967172
011,111,2019,5,1,WT,5547.85973434736
011,111,2019,5,2,WT,5072.031593310672
011,111,2019,5,3,WT,1855.7051540536502
011,111,2019,5,4,WT,9357.03785418082
011,111,2019,6,1,WT,9691.306214814389
011,111,2019,6,2,WT,4964.019596543986
011,111,2019,6,3,WT,2646.737292103214
011,111,2019,6,4,WT,8862.65934809237
011,111,2019,7,1,WT,9316.803765937759
011,111,2019,7,2,WT,7695.083377588154
011,111,2019,7,3,WT,3174.870258418897
011,111,2019,7,4,WT,8804.937141973236
011,111,2019,8,1,WT,9971.846358909866
011,111,2019,8,2,WT,1797.21006975934
011,111,2019,8,3,WT,7332.143580028167
011,111,2019,8,4,WT,6103.211999209081
011,111,2019,9,1,WT,9414.345544934216
011,111,2019,9,2,WT,5571.54416729705
011,111,2019,9,3,WT,9753.131821705552
011,111,2019,9,4,WT,3154.519820024795
011,111,2019,10,1,WT,5718.678891052461
011,111,2019,10,2,WT,3312.683604195231
011,111,2019,10,3,WT,6649.0352245982385
011,111,2019,10,4,WT,3323.9873491359167
011,111,2019,11,1,WT,2532.520205083702
011,111,2019,11,2,WT,4723.146019852546
011,111,2019,11,3,WT,7010.424110190421
011,111,2019,11,4,WT,8879.366909975151
011,111,2019,12,1,WT,9971.287971908358
011,111,2019,12,2,WT,5806.196509841156
011,111,2019,12,3,WT,9412.449841712662
011,111,2019,12,4,WT,4597.6589514655025
011,111,2019,13,1,WT,5494.053754461654
011,111,2019,13,2,WT,7065.2687094956045
011,111,2019,13,3,WT,4069.256286444741
011,111,2019,13,4,WT,6548.482857851215
011,101,2019,1,1,AD,4267.99514206831
011,101,2019,1,2,AD,2760.6032884636315
011,101,2019,1,3,AD,4009.311460521656
011,101,2019,1,4,AD,4199.759890531455
011,101,2019,2,1,AD,5784.851314553078
011,101,2019,2,2,AD,7553.89581798657
011,101,2019,2,3,AD,4907.302304626393
011,101,2019,2,4,AD,4429.459894264524
011,101,2019,3,1,AD,3261.568185926715
011,101,2019,3,2,AD,5099.488105483146
011,101,2019,3,3,AD,2460.6146681755804
011,101,2019,3,4,AD,5768.919252459811
011,101,2019,4,1,AD,9312.958287089992
011,101,2019,4,2,AD,6256.137312323931
011,101,2019,4,3,AD,3575.1386566701103
011,101,2019,4,4,AD,1078.55312456489
011,101,2019,5,1,AD,3283.056657546658
011,101,2019,5,2,AD,2600.9988682393086
011,101,2019,5,3,AD,1814.027601349354
011,101,2019,5,4,AD,3084.5363036133044
011,101,2019,6,1,AD,2443.4445766533563
011,101,2019,6,2,AD,2624.122534937077
011,101,2019,6,3,AD,9826.298031754499
011,101,2019,6,4,AD,3617.0138444078552
011,101,2019,7,1,AD,2117.777414428305
011,101,2019,7,2,AD,6721.768994088389
011,101,2019,7,3,AD,3526.012170639071
011,101,2019,7,4,AD,1211.601282016913
011,101,2019,8,1,AD,9521.841087553848
011,101,2019,8,2,AD,5682.138520751537
011,101,2019,8,3,AD,1796.2256402947146
011,101,2019,8,4,AD,3372.7140449560984
011,101,2019,9,1,AD,1775.932029565434
011,101,2019,9,2,AD,7578.762511638155
011,101,2019,9,3,AD,9013.85291857562
011,101,2019,9,4,AD,9830.58592186639
011,101,2019,10,1,AD,2773.6905268804912
011,101,2019,10,2,AD,7426.72240657611
011,101,2019,10,3,AD,8195.037138383781
011,101,2019,10,4,AD,8463.596739155066
011,101,2019,11,1,AD,9112.945138712526
011,101,2019,11,2,AD,6175.563328026369
011,101,2019,11,3,AD,1285.9698801997072
011,101,2019,11,4,AD,3541.46437346234
011,101,2019,12,1,AD,8551.353136559783
011,101,2019,12,2,AD,1350.3606415971315
011,101,2019,12,3,AD,7445.497740311713
011,101,2019,12,4,AD,7485.514416969202
011,101,2019,13,1,AD,5456.889715198776
011,101,2019,13,2,AD,6472.822701706454
011,101,2019,13,3,AD,9685.280191155865
011,101,2019,13,4,AD,1669.9661087273444
011,101,2019,1,1,NON_AD,2328.0909908512504
011,101,2019,1,2,NON_AD,7197.065007241136
011,101,2019,1,3,NON_AD,3370.804132986619
011,101,2019,1,4,NON_AD,1806.8500011471933
011,101,2019,2,1,NON_AD,1135.0080617284568
011,101,2019,2,2,NON_AD,1633.226071882175
011,101,2019,2,3,NON_AD,7350.023779352139
011,101,2019,2,4,NON_AD,4843.875761580306
011,101,2019,3,1,NON_AD,1286.5677372194689
011,101,2019,3,2,NON_AD,7208.527323262802
011,101,2019,3,3,NON_AD,7242.055855305065
011,101,2019,3,4,NON_AD,6375.56471563392
011,101,2019,4,1,NON_AD,4773.353663838625
011,101,2019,4,2,NON_AD,4439.023961590352
011,101,2019,4,3,NON_AD,3392.631917251981
011,101,2019,4,4,NON_AD,6359.799921589385
011,101,2019,5,1,NON_AD,1567.0324777219412
011,101,2019,5,2,NON_AD,9540.233858414675
011,101,2019,5,3,NON_AD,4904.46437960299
011,101,2019,5,4,NON_AD,3302.7245157476823
011,101,2019,6,1,NON_AD,5966.099812029634
011,101,2019,6,2,NON_AD,9120.01783135139
011,101,2019,6,3,NON_AD,7882.393047476834
011,101,2019,6,4,NON_AD,4728.225016125192
011,101,2019,7,1,NON_AD,7872.19922321152
011,101,2019,7,2,NON_AD,2515.4069469942874
011,101,2019,7,3,NON_AD,1735.993665539922
011,101,2019,7,4,NON_AD,7065.987607367593
011,101,2019,8,1,NON_AD,4624.459616381704
011,101,2019,8,2,NON_AD,4856.808739619312
011,101,2019,8,3,NON_AD,1255.4144497070924
011,101,2019,8,4,NON_AD,1694.6888666771852
011,101,2019,9,1,NON_AD,3736.2820141642496
011,101,2019,9,2,NON_AD,6187.669250530002
011,101,2019,9,3,NON_AD,5117.5216708013695
011,101,2019,9,4,NON_AD,6598.789305591647
011,101,2019,10,1,NON_AD,6997.408842952878
011,101,2019,10,2,NON_AD,4884.603394349322
011,101,2019,10,3,NON_AD,4314.3394565744775
011,101,2019,10,4,NON_AD,6724.696817271763
011,101,2019,11,1,NON_AD,8626.738338125784
011,101,2019,11,2,NON_AD,1015.7414806056493
011,101,2019,11,3,NON_AD,7848.178539381352
011,101,2019,11,4,NON_AD,3964.0329697574366
011,101,2019,12,1,NON_AD,8728.572351575043
011,101,2019,12,2,NON_AD,1981.8983976828358
011,101,2019,12,3,NON_AD,4018.4314451077307
011,101,2019,12,4,NON_AD,8082.733892705359
011,101,2019,13,1,NON_AD,3142.727959325902
011,101,2019,13,2,NON_AD,7220.755441785465
011,101,2019,13,3,NON_AD,7776.948398525465
011,101,2019,13,4,NON_AD,7051.689906084514
011,101,2019,1,1,PPG,4091.154428692053
011,101,2019,1,2,PPG,6979.33340736217
011,101,2019,1,3,PPG,2304.0618243882864
011,101,2019,1,4,PPG,8999.169309603616
011,101,2019,2,1,PPG,9290.468262251843
011,101,2019,2,2,PPG,8331.357529572586
011,101,2019,2,3,PPG,8059.772054300909
011,101,2019,2,4,PPG,6666.185160969182
011,101,2019,3,1,PPG,4340.573303398384
011,101,2019,3,2,PPG,9100.775160180427
011,101,2019,3,3,PPG,4130.1692216364645
011,101,2019,3,4,PPG,8610.227020979446
011,101,2019,4,1,PPG,5505.609477560165
011,101,2019,4,2,PPG,3724.937748123057
011,101,2019,4,3,PPG,9493.143539126242
011,101,2019,4,4,PPG,3639.4268099444234
011,101,2019,5,1,PPG,1920.988573436459
011,101,2019,5,2,PPG,6370.340869233897
011,101,2019,5,3,PPG,1956.0627984143525
011,101,2019,5,4,PPG,2695.1166205073505
011,101,2019,6,1,PPG,1121.463623123143
011,101,2019,6,2,PPG,8899.221299439523
011,101,2019,6,3,PPG,3594.3854427475176
011,101,2019,6,4,PPG,1125.4063618700538
011,101,2019,7,1,PPG,1467.8602722498492
011,101,2019,7,2,PPG,6994.503447565465
011,101,2019,7,3,PPG,2090.951562321285
011,101,2019,7,4,PPG,6458.755102040262
011,101,2019,8,1,PPG,9689.453391825982
011,101,2019,8,2,PPG,6372.83907865314
011,101,2019,8,3,PPG,6021.964251715935
011,101,2019,8,4,PPG,5627.061121838012
011,101,2019,9,1,PPG,5446.7113746621935
011,101,2019,9,2,PPG,8893.52572659446
011,101,2019,9,3,PPG,2790.992158179175
011,101,2019,9,4,PPG,7280.154380169586
011,101,2019,10,1,PPG,8964.838666112733
011,101,2019,10,2,PPG,4630.27249337498
011,101,2019,10,3,PPG,7606.307838594876
011,101,2019,10,4,PPG,7645.034514808622
011,101,2019,11,1,PPG,1894.9836898766653
011,101,2019,11,2,PPG,5505.320786387089
011,101,2019,11,3,PPG,1587.3029393756594
011,101,2019,11,4,PPG,1419.0556762086346
011,101,2019,12,1,PPG,3764.1311992282094
011,101,2019,12,2,PPG,8443.047346780702
011,101,2019,12,3,PPG,1974.4464852466626
011,101,2019,12,4,PPG,4594.845289346407
011,101,2019,13,1,PPG,3141.5773310830327
011,101,2019,13,2,PPG,2570.1471421520623
011,101,2019,13,3,PPG,4783.079942844792
011,101,2019,13,4,PPG,6581.678825909198
011,101,2019,1,1,WT,3830.0969815198114
011,101,2019,1,2,WT,3779.2542617679806
011,101,2019,1,3,WT,5526.19122123246
011,101,2019,1,4,WT,5703.850363214909
011,101,2019,2,1,WT,5551.334737565776
011,101,2019,2,2,WT,7325.157748837723
011,101,2019,2,3,WT,7007.327201452842
011,101,2019,2,4,WT,3031.649754641332
011,101,2019,3,1,WT,9846.47487022367
011,101,2019,3,2,WT,7768.512539317003
011,101,2019,3,3,WT,4669.866445195041
011,101,2019,3,4,WT,5592.281036094736
011,101,2019,4,1,WT,1169.4378503144185
011,101,2019,4,2,WT,4843.311774456811
011,101,2019,4,3,WT,7957.814032818542
011,101,2019,4,4,WT,2668.795928786596
011,101,2019,5,1,WT,6183.3101064525745
011,101,2019,5,2,WT,3506.33165003885
011,101,2019,5,3,WT,9019.564816987775
011,101,2019,5,4,WT,2113.784587020383
011,101,2019,6,1,WT,8449.381384867498
011,101,2019,6,2,WT,3124.6727445528754
011,101,2019,6,3,WT,1682.4520735833335
011,101,2019,6,4,WT,7285.427571948803
011,101,2019,7,1,WT,4803.701357121169
011,101,2019,7,2,WT,3594.9181909590725
011,101,2019,7,3,WT,4550.32613618104
011,101,2019,7,4,WT,2707.5283352086385
011,101,2019,8,1,WT,6785.139523232928
011,101,2019,8,2,WT,7980.5951594387625
011,101,2019,8,3,WT,6566.125430061215
011,101,2019,8,4,WT,8261.287477868194
011,101,2019,9,1,WT,2179.8305875960564
011,101,2019,9,2,WT,6523.511550993218
011,101,2019,9,3,WT,5859.553483132069
011,101,2019,9,4,WT,3827.225593773621
011,101,2019,10,1,WT,9608.007752321137
011,101,2019,10,2,WT,8052.920261243796
011,101,2019,10,3,WT,3491.0857806547615
011,101,2019,10,4,WT,9795.615097494929
011,101,2019,11,1,WT,3484.1431934751445
011,101,2019,11,2,WT,4767.4685171990295
011,101,2019,11,3,WT,1033.1768226583818
011,101,2019,11,4,WT,4664.038829397494
011,101,2019,12,1,WT,7680.184477551706
011,101,2019,12,2,WT,8580.665108574623
011,101,2019,12,3,WT,6492.912368876424
011,101,2019,12,4,WT,6893.639150947982
011,101,2019,13,1,WT,7112.271748456333
011,101,2019,13,2,WT,8652.761671841226
011,101,2019,13,3,WT,5954.691309552533
011,101,2019,13,4,WT,4926.397105234108
015,100,2019,1,1,AD,7254.4179237224325
015,100,2019,1,2,AD,2947.6762306092182
015,100,2019,1,3,AD,7537.910141717707
015,100,2019,1,4,AD,8594.637148324084
015,100,2019,2,1,AD,8580.749647423352
015,100,2019,2,2,AD,1534.6149548233557
015,100,2019,2,3,AD,5115.829960655537
015,100,2019,2,4,AD,6373.287229572998
015,100,2019,3,1,AD,8654.942242911093
015,100,2019,3,2,AD,3249.840218708694
015,100,2019,3,3,AD,3841.6445496655306
015,100,2019,3,4,AD,3402.4680701771863
015,100,2019,4,1,AD,7440.2099785662795
015,100,2019,4,2,AD,4180.881081945936
015,100,2019,4,3,AD,1022.8881467411567
015,100,2019,4,4,AD,5696.832745276276
015,100,2019,5,1,AD,6564.979523548955
015,100,2019,5,2,AD,7902.408057918032
015,100,2019,5,3,AD,4623.808520337649
015,100,2019,5,4,AD,4565.045050831373
015,100,2019,6,1,AD,4581.5518781734845
015,100,2019,6,2,AD,9955.704941870286
015,100,2019,6,3,AD,1485.4650514461343
015,100,2019,6,4,AD,4946.5933628760195
015,100,2019,7,1,AD,9428.13320870828
015,100,2019,7,2,AD,2565.7875228593057
015,100,2019,7,3,AD,2061.785158370324
015,100,2019,7,4,AD,6685.1425422785
015,100,2019,8,1,AD,9483.781651865072
015,100,2019,8,2,AD,1930.936176422677
015,100,2019,8,3,AD,6259.370347704828
015,100,2019,8,4,AD,6029.7431622807335
015,100,2019,9,1,AD,6619.493476334055
015,100,2019,9,2,AD,9060.199836119522
015,100,2019,9,3,AD,8192.703345796685
015,100,2019,9,4,AD,7934.539700937493
015,100,2019,10,1,AD,7373.797589831069
015,100,2019,10,2,AD,6357.590610022724
015,100,2019,10,3,AD,6484.887446481375
015,100,2019,10,4,AD,7615.214057290142
015,100,2019,11,1,AD,9539.008991065062
015,100,2019,11,2,AD,4301.964071445142
015,100,2019,11,3,AD,2846.835579113351
015,100,2019,11,4,AD,3975.930355041417
015,100,2019,12,1,AD,7008.711366112107
015,100,2019,12,2,AD,6923.788574780461
015,100,2019,12,3,AD,7762.119388314633
015,100,2019,12,4,AD,4199.119447076811
015,100,2019,13,1,AD,1483.3670763242496
015,100,2019,13,2,AD,7642.925453296372
015,100,2019,13,3,AD,9152.020981533082
015,100,2019,13,4,AD,7255.955775673809
015,100,2019,1,1,NON_AD,7593.530023879157
015,100,2019,1,2,NON_AD,5820.82925026434
015,100,2019,1,3,NON_AD,4746.154105132024
015,100,2019,1,4,NON_AD,4881.105125629945
015,100,2019,2,1,NON_AD,6011.007342457543
015,100,2019,2,2,NON_AD,7887.913277207895
015,100,2019,2,3,NON_AD,6952.4193988244115
015,100,2019,2,4,NON_AD,5277.630289507579
015,100,2019,3,1,NON_AD,8060.367728471335
015,100,2019,3,2,NON_AD,2903.922496279596
015,100,2019,3,3,NON_AD,7472.522708568762
015,100,2019,3,4,NON_AD,7151.178417941259
015,100,2019,4,1,NON_AD,4632.304041711255
015,100,2019,4,2,NON_AD,8990.012056220501
015,100,2019,4,3,NON_AD,3371.4686887065795
015,100,2019,4,4,NON_AD,1612.68647429151
015,100,2019,5,1,NON_AD,7544.430379781315
015,100,2019,5,2,NON_AD,5095.222061196395
015,100,2019,5,3,NON_AD,1345.5662439216962
015,100,2019,5,4,NON_AD,1651.3269008206512
015,100,2019,6,1,NON_AD,1446.9646071620193
015,100,2019,6,2,NON_AD,7777.732684554975
015,100,2019,6,3,NON_AD,3708.864293804827
015,100,2019,6,4,NON_AD,3560.480511276423
015,100,2019,7,1,NON_AD,5375.442392798328
015,100,2019,7,2,NON_AD,1200.9033799423883
015,100,2019,7,3,NON_AD,6194.6509837901895
015,100,2019,7,4,NON_AD,2015.3039703042941
015,100,2019,8,1,NON_AD,1522.4526261725428
015,100,2019,8,2,NON_AD,4431.049769199213
015,100,2019,8,3,NON_AD,3014.6872956780708
015,100,2019,8,4,NON_AD,8725.262726954712
015,100,2019,9,1,NON_AD,7108.3633336160065
015,100,2019,9,2,NON_AD,6630.709521107412
015,100,2019,9,3,NON_AD,5403.632749758669
015,100,2019,9,4,NON_AD,2843.928758793407
015,100,2019,10,1,NON_AD,1862.8346769184395
015,100,2019,10,2,NON_AD,1548.7110552510142
015,100,2019,10,3,NON_AD,3457.148563165183
015,100,2019,10,4,NON_AD,1977.617384587536
015,100,2019,11,1,NON_AD,4795.565719392058
015,100,2019,11,2,NON_AD,8407.140818668013
015,100,2019,11,3,NON_AD,5086.332657610403
015,100,2019,11,4,NON_AD,1699.6299409073754
015,100,2019,12,1,NON_AD,4728.0792272961735
015,100,2019,12,2,NON_AD,3997.2180324686315
015,100,2019,12,3,NON_AD,8517.525738722405
015,100,2019,12,4,NON_AD,8069.031488295175
015,100,2019,13,1,NON_AD,2456.674823743876
015,100,2019,13,2,NON_AD,5094.474731002461
015,100,2019,13,3,NON_AD,9095.45421206503
015,100,2019,13,4,NON_AD,7076.24563877413
015,100,2019,1,1,PPG,8563.366269920807
015,100,2019,1,2,PPG,8263.557855776082
015,100,2019,1,3,PPG,6026.627652180847
015,100,2019,1,4,PPG,5910.45977663853
015,100,2019,2,1,PPG,6397.386534321775
015,100,2019,2,2,PPG,3294.9278416101356
015,100,2019,2,3,PPG,6141.5811464144645
015,100,2019,2,4,PPG,4718.007033146227
015,100,2019,3,1,PPG,1881.0516449522052
015,100,2019,3,2,PPG,3222.5472856871525
015,100,2019,3,3,PPG,6819.209650321785
015,100,2019,3,4,PPG,3497.7354980945547
015,100,2019,4,1,PPG,6266.694763183717
015,100,2019,4,2,PPG,6284.197844112481
015,100,2019,4,3,PPG,6548.828868973478
015,100,2019,4,4,PPG,1282.01511432692
015,100,2019,5,1,PPG,5557.272458785439
015,100,2019,5,2,PPG,8935.108308848683
015,100,2019,5,3,PPG,2355.47711270724
015,100,2019,5,4,PPG,8070.385459841097
015,100,2019,6,1,PPG,8163.750924201467
015,100,2019,6,2,PPG,8348.169142644761
015,100,2019,6,3,PPG,2147.2090253111382
015,100,2019,6,4,PPG,6969.028785169896
015,100,2019,7,1,PPG,4666.264103413478
015,100,2019,7,2,PPG,2588.6486058908285
015,100,2019,7,3,PPG,9032.64610111283
015,100,2019,7,4,PPG,2323.753707470332
015,100,2019,8,1,PPG,9200.342335178299
015,100,2019,8,2,PPG,4267.345976606335
015,100,2019,8,3,PPG,7151.433462278029
015,100,2019,8,4,PPG,7406.754359687971
015,100,2019,9,1,PPG,5741.384215299415
015,100,2019,9,2,PPG,7967.630312048724
015,100,2019,9,3,PPG,9290.931309556763
015,100,2019,9,4,PPG,1550.5094303522023
015,100,2019,10,1,PPG,5796.596754554239
015,100,2019,10,2,PPG,5267.299831481627
015,100,2019,10,3,PPG,8543.997648692894
015,100,2019,10,4,PPG,7496.83195097319
015,100,2019,11,1,PPG,8681.740715689386
015,100,2019,11,2,PPG,8505.207284978487
015,100,2019,11,3,PPG,1232.9470826091954
015,100,2019,11,4,PPG,1466.8719648483032
015,100,2019,12,1,PPG,9905.251254388671
015,100,2019,12,2,PPG,1740.8541931143322
015,100,2019,12,3,PPG,9336.32132148313
015,100,2019,12,4,PPG,8424.97872142126
015,100,2019,13,1,PPG,6542.755504738593
015,100,2019,13,2,PPG,2370.762702791114
015,100,2019,13,3,PPG,5441.920969201631
015,100,2019,13,4,PPG,5903.891155431965
015,100,2019,1,1,WT,7410.341712451754
015,100,2019,1,2,WT,4769.948987835891
015,100,2019,1,3,WT,4485.921480473215
015,100,2019,1,4,WT,4048.2371449808743
015,100,2019,2,1,WT,3086.951744067915
015,100,2019,2,2,WT,2313.431025175124
015,100,2019,2,3,WT,2605.1290694030486
015,100,2019,2,4,WT,3919.8492708661856
015,100,2019,3,1,WT,3113.4312988171946
015,100,2019,3,2,WT,8463.893627475903
015,100,2019,3,3,WT,5272.2970922600525
015,100,2019,3,4,WT,8964.95548003304
015,100,2019,4,1,WT,2714.6683685552207
015,100,2019,4,2,WT,9112.807124615278
015,100,2019,4,3,WT,6220.445019447727
015,100,2019,4,4,WT,7593.050408284432
015,100,2019,5,1,WT,2649.1240093658625
015,100,2019,5,2,WT,9632.732173602195
015,100,2019,5,3,WT,3039.9811213996045
015,100,2019,5,4,WT,9062.454966593636
015,100,2019,6,1,WT,1568.5302218541835
015,100,2019,6,2,WT,1796.5661429887914
015,100,2019,6,3,WT,9983.232070619897
015,100,2019,6,4,WT,5347.674301456474
015,100,2019,7,1,WT,1601.3246649085459
015,100,2019,7,2,WT,9971.697065827613
015,100,2019,7,3,WT,7821.578850803354
015,100,2019,7,4,WT,9185.47094183743
015,100,2019,8,1,WT,6079.031474029285
015,100,2019,8,2,WT,2800.9180109518456
015,100,2019,8,3,WT,6824.712733450137
015,100,2019,8,4,WT,9526.05448078421
015,100,2019,9,1,WT,4248.04803137491
015,100,2019,9,2,WT,7436.7195897842785
015,100,2019,9,3,WT,4982.8257762085605
015,100,2019,9,4,WT,3170.198200133698
015,100,2019,10,1,WT,5811.962368817976
015,100,2019,10,2,WT,4165.40495644184
015,100,2019,10,3,WT,2702.8408978953616
015,100,2019,10,4,WT,1624.987712453862
015,100,2019,11,1,WT,9757.490560361326
015,100,2019,11,2,WT,6839.3607282654575
015,100,2019,11,3,WT,3217.3566284414414
015,100,2019,11,4,WT,1623.727710793468
015,100,2019,12,1,WT,3887.9823632812695
015,100,2019,12,2,WT,2378.300647469243
015,100,2019,12,3,WT,1838.2192594573266
015,100,2019,12,4,WT,5462.5765482131455
015,100,2019,13,1,WT,8043.803208894426
015,100,2019,13,2,WT,1933.079618161113
015,100,2019,13,3,WT,6585.607273327663
015,100,2019,13,4,WT,1504.12501413054
015,150,2019,1,1,AD,5533.978426616681
015,150,2019,1,2,AD,7995.149914483695
015,150,2019,1,3,AD,6400.7669951220205
015,150,2019,1,4,AD,5765.448313577204
015,150,2019,2,1,AD,8088.112777443418
015,150,2019,2,2,AD,1723.090272239359
015,150,2019,2,3,AD,7226.927389414734
015,150,2019,2,4,AD,1080.5758768730595
015,150,2019,3,1,AD,7621.448857037853
015,150,2019,3,2,AD,3476.5570179700567
015,150,2019,3,3,AD,7491.177524408863
015,150,2019,3,4,AD,8947.631395882681
015,150,2019,4,1,AD,4917.984262428261
015,150,2019,4,2,AD,5988.417459779013
015,150,2019,4,3,AD,1257.4617480277825
015,150,2019,4,4,AD,5823.593003815936
015,150,2019,5,1,AD,2996.921166794063
015,150,2019,5,2,AD,8960.78263715055
015,150,2019,5,3,AD,2176.6320384147766
015,150,2019,5,4,AD,7081.1882367152175
015,150,2019,6,1,AD,8395.317811655535
015,150,2019,6,2,AD,4688.482295714755
015,150,2019,6,3,AD,8708.256859604593
015,150,2019,6,4,AD,4634.542530788285
015,150,2019,7,1,AD,5237.705359302613
015,150,2019,7,2,AD,6558.173525564902
015,150,2019,7,3,AD,1432.8363589647647
015,150,2019,7,4,AD,5059.420254562285
015,150,2019,8,1,AD,1588.6910629281642
015,150,2019,8,2,AD,2728.9821494781395
015,150,2019,8,3,AD,9728.34432203986
015,150,2019,8,4,AD,5761.5564544744575
015,150,2019,9,1,AD,9044.687361221346
015,150,2019,9,2,AD,9776.646797156975
015,150,2019,9,3,AD,5588.453111198406
015,150,2019,9,4,AD,8306.917679786717
015,150,2019,10,1,AD,4257.319350857113
015,150,2019,10,2,AD,2130.9077635486665
015,150,2019,10,3,AD,4991.300915372691
015,150,2019,10,4,AD,3880.9216344852966
015,150,2019,11,1,AD,4195.917244359471
015,150,2019,11,2,AD,7662.907227209731
015,150,2019,11,3,AD,2743.5908876986864
015,150,2019,11,4,AD,5159.466215042223
015,150,2019,12,1,AD,6947.976161995091
015,150,2019,12,2,AD,4781.9846221327825
015,150,2019,12,3,AD,8818.536738875897
015,150,2019,12,4,AD,6345.124390709685
015,150,2019,13,1,AD,6167.1165039953385
015,150,2019,13,2,AD,7308.918037303733
015,150,2019,13,3,AD,2703.283014206747
015,150,2019,13,4,AD,7628.618982120742
015,150,2019,1,1,NON_AD,5558.285893516917
015,150,2019,1,2,NON_AD,9048.28799563781
015,150,2019,1,3,NON_AD,3399.8762283235615
015,150,2019,1,4,NON_AD,9587.052452333099
015,150,2019,2,1,NON_AD,1904.7391052467742
015,150,2019,2,2,NON_AD,1874.22862233583
015,150,2019,2,3,NON_AD,7081.080270536895
015,150,2019,2,4,NON_AD,5913.149872431244
015,150,2019,3,1,NON_AD,3887.0348102854637
015,150,2019,3,2,NON_AD,4944.279673817564
015,150,2019,3,3,NON_AD,6728.359914610933
015,150,2019,3,4,NON_AD,1805.6607511542252
015,150,2019,4,1,NON_AD,2920.3626015186383
015,150,2019,4,2,NON_AD,1520.0444184933608
015,150,2019,4,3,NON_AD,9971.361477112212
015,150,2019,4,4,NON_AD,4928.332437836198
015,150,2019,5,1,NON_AD,1881.2218152177497
015,150,2019,5,2,NON_AD,8873.425630485594
015,150,2019,5,3,NON_AD,1036.126089413809
015,150,2019,5,4,NON_AD,7761.960393970749
015,150,2019,6,1,NON_AD,8379.285351843879
015,150,2019,6,2,NON_AD,2311.4236060863905
015,150,2019,6,3,NON_AD,7045.93474467265
015,150,2019,6,4,NON_AD,9356.951018728969
015,150,2019,7,1,NON_AD,2030.0741512731329
015,150,2019,7,2,NON_AD,9367.428380957386
015,150,2019,7,3,NON_AD,8245.12823677672
015,150,2019,7,4,NON_AD,6496.19306123523
015,150,2019,8,1,NON_AD,3167.8896572172093
015,150,2019,8,2,NON_AD,9549.938975753352
015,150,2019,8,3,NON_AD,8665.246633386007
015,150,2019,8,4,NON_AD,3195.1937136430997
015,150,2019,9,1,NON_AD,1738.5770040910445
015,150,2019,9,2,NON_AD,5770.271090989426
015,150,2019,9,3,NON_AD,7891.014777915648
015,150,2019,9,4,NON_AD,5575.898274898209
015,150,2019,10,1,NON_AD,7863.389150199071
015,150,2019,10,2,NON_AD,2033.21524714079
015,150,2019,10,3,NON_AD,1435.9823371491457
015,150,2019,10,4,NON_AD,1009.8812781363096
015,150,2019,11,1,NON_AD,2465.2079830612383
015,150,2019,11,2,NON_AD,9014.479009017616
015,150,2019,11,3,NON_AD,4162.3069209138675
015,150,2019,11,4,NON_AD,2020.7048247279413
015,150,2019,12,1,NON_AD,5567.591090675196
015,150,2019,12,2,NON_AD,5752.597418109093
015,150,2019,12,3,NON_AD,5402.930430650257
015,150,2019,12,4,NON_AD,3556.295652051314
015,150,2019,13,1,NON_AD,3110.8433433473847
015,150,2019,13,2,NON_AD,1087.210382225625
015,150,2019,13,3,NON_AD,4680.342246932856
015,150,2019,13,4,NON_AD,9064.622485679549
015,150,2019,1,1,PPG,6376.040744560843
015,150,2019,1,2,PPG,6343.26219761507
015,150,2019,1,3,PPG,8910.50341067301
015,150,2019,1,4,PPG,9290.943069857967
015,150,2019,2,1,PPG,7163.029047675952
015,150,2019,2,2,PPG,6616.003838614417
015,150,2019,2,3,PPG,7397.61506937768
015,150,2019,2,4,PPG,7290.305489834294
015,150,2019,3,1,PPG,7883.526555524012
015,150,2019,3,2,PPG,1396.232619107258
015,150,2019,3,3,PPG,9791.075267071705
015,150,2019,3,4,PPG,3007.5756380126713
015,150,2019,4,1,PPG,5780.620284027938
015,150,2019,4,2,PPG,8895.841801922445
015,150,2019,4,3,PPG,3541.432747108972
015,150,2019,4,4,PPG,4015.631593046953
015,150,2019,5,1,PPG,2735.673181544417
015,150,2019,5,2,PPG,3058.235841939203
015,150,2019,5,3,PPG,6178.170527715158
015,150,2019,5,4,PPG,4999.508904049373
015,150,2019,6,1,PPG,2430.69820971607
015,150,2019,6,2,PPG,6387.699451285071
015,150,2019,6,3,PPG,3193.2945633080817
015,150,2019,6,4,PPG,4978.612052289533
015,150,2019,7,1,PPG,6258.902034416989
015,150,2019,7,2,PPG,9231.43601475745
015,150,2019,7,3,PPG,7731.553138167513
015,150,2019,7,4,PPG,6469.41925774747
015,150,2019,8,1,PPG,4217.103073651675
015,150,2019,8,2,PPG,1567.465734135401
015,150,2019,8,3,PPG,1661.779660725881
015,150,2019,8,4,PPG,3779.396438495297
015,150,2019,9,1,PPG,5808.441719867792
015,150,2019,9,2,PPG,9276.390492206294
015,150,2019,9,3,PPG,6974.858078297123
015,150,2019,9,4,PPG,1395.0724327253324
015,150,2019,10,1,PPG,3403.2692158258774
015,150,2019,10,2,PPG,1768.338742778069
015,150,2019,10,3,PPG,7173.691452757448
015,150,2019,10,4,PPG,6065.906476171574
015,150,2019,11,1,PPG,8699.259193196107
015,150,2019,11,2,PPG,7036.1480258508955
015,150,2019,11,3,PPG,4034.7642879933987
015,150,2019,11,4,PPG,2345.5183640363034
015,150,2019,12,1,PPG,5094.89991796162
015,150,2019,12,2,PPG,8889.01518999954
015,150,2019,12,3,PPG,8601.743628017612
015,150,2019,12,4,PPG,2876.215927591833
015,150,2019,13,1,PPG,5265.632257232485
015,150,2019,13,2,PPG,1754.1777772145551
015,150,2019,13,3,PPG,1435.0742515311208
015,150,2019,13,4,PPG,5143.6093141029305
015,150,2019,1,1,WT,9454.30521334216
015,150,2019,1,2,WT,1388.8573311702833
015,150,2019,1,3,WT,6136.015494328351
015,150,2019,1,4,WT,4415.035879195491
015,150,2019,2,1,WT,6522.582857341369
015,150,2019,2,2,WT,7391.1042881867115
015,150,2019,2,3,WT,9868.753936314477
015,150,2019,2,4,WT,9728.630618632751
015,150,2019,3,1,WT,3118.0677856126185
015,150,2019,3,2,WT,9482.856838533487
015,150,2019,3,3,WT,4808.502430470548
015,150,2019,3,4,WT,2864.2777135840897
015,150,2019,4,1,WT,1162.0731622026365
015,150,2019,4,2,WT,3501.7629514581095
015,150,2019,4,3,WT,7963.67533682988
015,150,2019,4,4,WT,8679.343662402653
015,150,2019,5,1,WT,2293.035993790714
015,150,2019,5,2,WT,3484.748517105332
015,150,2019,5,3,WT,1335.3303382687905
015,150,2019,5,4,WT,1151.3229715005039
015,150,2019,6,1,WT,6280.193023110255
015,150,2019,6,2,WT,6850.041907828721
015,150,2019,6,3,WT,2298.2337647601175
015,150,2019,6,4,WT,9401.941272895134
015,150,2019,7,1,WT,4842.368775684815
015,150,2019,7,2,WT,5347.254568491192
015,150,2019,7,3,WT,2556.351790199082
015,150,2019,7,4,WT,3202.2700390597774
015,150,2019,8,1,WT,8774.89262070543
015,150,2019,8,2,WT,7079.589122280642
015,150,2019,8,3,WT,6450.968311604186
015,150,2019,8,4,WT,8159.006261520844
015,150,2019,9,1,WT,7283.515015378105
015,150,2019,9,2,WT,3448.890849530262
015,150,2019,9,3,WT,1494.7789272574412
015,150,2019,9,4,WT,4070.9267239844357
015,150,2019,10,1,WT,5189.44332425926
015,150,2019,10,2,WT,8203.003677254033
015,150,2019,10,3,WT,7395.587543595701
015,150,2019,10,4,WT,1325.9258320570402
015,150,2019,11,1,WT,5869.589067086872
015,150,2019,11,2,WT,7041.822042626884
015,150,2019,11,3,WT,1025.130904905925
015,150,2019,11,4,WT,5387.069101193968
015,150,2019,12,1,WT,9047.298998191804
015,150,2019,12,2,WT,2065.163645170605
015,150,2019,12,3,WT,3825.508721174295
015,150,2019,12,4,WT,2665.3557712902325
015,150,2019,13,1,WT,9229.366117881664
015,150,2019,13,2,WT,1278.4951202906263
015,150,2019,13,3,WT,2418.668821062115
015,150,2019,13,4,WT,6693.201857484638
015,111,2019,1,1,AD,6196.494135196398
015,111,2019,1,2,AD,4532.056223634372
015,111,2019,1,3,AD,8759.636369302512
015,111,2019,1,4,AD,7842.3845068146775
015,111,2019,2,1,AD,4385.985678240828
015,111,2019,2,2,AD,3783.2059021438654
015,111,2019,2,3,AD,9950.386077471903
015,111,2019,2,4,AD,2193.2678314111754
015,111,2019,3,1,AD,5103.534657342846
015,111,2019,3,2,AD,3201.430558841175
015,111,2019,3,3,AD,4871.182409735529
015,111,2019,3,4,AD,5711.831804711124
015,111,2019,4,1,AD,3110.7071472764756
015,111,2019,4,2,AD,2917.5938317878135
015,111,2019,4,3,AD,8935.065574962333
015,111,2019,4,4,AD,9608.514150534776
015,111,2019,5,1,AD,5855.4507580732525
015,111,2019,5,2,AD,1312.1316544175345
015,111,2019,5,3,AD,3007.172988353608
015,111,2019,5,4,AD,7388.2125211812445
015,111,2019,6,1,AD,7287.391465566728
015,111,2019,6,2,AD,8062.743053834654
015,111,2019,6,3,AD,9966.603475354947
015,111,2019,6,4,AD,8052.01785036717
015,111,2019,7,1,AD,8006.98513072366
015,111,2019,7,2,AD,6552.64011192012
015,111,2019,7,3,AD,1971.8351173590422
015,111,2019,7,4,AD,9488.41152570123
015,111,2019,8,1,AD,8642.151489103413
015,111,2019,8,2,AD,3201.5344847872866
015,111,2019,8,3,AD,4488.343625745558
015,111,2019,8,4,AD,2477.2339928006704
015,111,2019,9,1,AD,7435.366969976486
015,111,2019,9,2,AD,6754.753990168597
015,111,2019,9,3,AD,5120.604839935768
015,111,2019,9,4,AD,5687.797305785866
015,111,2019,10,1,AD,3904.5425993217073
015,111,2019,10,2,AD,2187.703491976955
015,111,2019,10,3,AD,1025.806550081988
015,111,2019,10,4,AD,2853.253660979889
015,111,2019,11,1,AD,9220.40630606712
015,111,2019,11,2,AD,3125.520185662784
015,111,2019,11,3,AD,2961.488358902858
015,111,2019,11,4,AD,1781.9821365777507
015,111,2019,12,1,AD,8812.711724259942
015,111,2019,12,2,AD,5860.110915140066
015,111,2019,12,3,AD,5655.7600131618665
015,111,2019,12,4,AD,3446.7617578367913
015,111,2019,13,1,AD,3086.7172094597217
015,111,2019,13,2,AD,3138.940374056385
015,111,2019,13,3,AD,7694.673772042119
015,111,2019,13,4,AD,2597.206894260079
015,111,2019,1,1,NON_AD,7646.0225324702005
015,111,2019,1,2,NON_AD,9450.889854719459
015,111,2019,1,3,NON_AD,9141.37493280608
015,111,2019,1,4,NON_AD,5412.429838109419
015,111,2019,2,1,NON_AD,6140.434178269722
015,111,2019,2,2,NON_AD,8962.266652829487
015,111,2019,2,3,NON_AD,4745.152544003033
015,111,2019,2,4,NON_AD,5405.047894122629
015,111,2019,3,1,NON_AD,2097.5007073932056
015,111,2019,3,2,NON_AD,3329.8306102943175
015,111,2019,3,3,NON_AD,9773.787620344401
015,111,2019,3,4,NON_AD,1777.828931200338
015,111,2019,4,1,NON_AD,4002.652963384807
015,111,2019,4,2,NON_AD,2704.658628179881
015,111,2019,4,3,NON_AD,2055.9576884268404
015,111,2019,4,4,NON_AD,9897.479133247027
015,111,2019,5,1,NON_AD,1910.9552341527028
015,111,2019,5,2,NON_AD,8233.684376932928
015,111,2019,5,3,NON_AD,5463.074870685069
015,111,2019,5,4,NON_AD,7976.3020534176985
015,111,2019,6,1,NON_AD,5940.672637004164
015,111,2019,6,2,NON_AD,6275.825703106365
015,111,2019,6,3,NON_AD,4987.731338805677
015,111,2019,6,4,NON_AD,1533.585901923897
015,111,2019,7,1,NON_AD,4584.631186322988
015,111,2019,7,2,NON_AD,6688.307170295051
015,111,2019,7,3,NON_AD,1891.6661429992823
015,111,2019,7,4,NON_AD,3138.732967106322
015,111,2019,8,1,NON_AD,9942.681715817242
015,111,2019,8,2,NON_AD,9647.819034441874
015,111,2019,8,3,NON_AD,5295.934537674982
015,111,2019,8,4,NON_AD,1094.5670445125204
015,111,2019,9,1,NON_AD,9392.415037964287
015,111,2019,9,2,NON_AD,1052.8147497376704
015,111,2019,9,3,NON_AD,1321.3303745186959
015,111,2019,9,4,NON_AD,6163.631563269037
015,111,2019,10,1,NON_AD,2268.0445265724056
015,111,2019,10,2,NON_AD,8301.575681044567
015,111,2019,10,3,NON_AD,4221.47912994448
015,111,2019,10,4,NON_AD,5784.745883689249
015,111,2019,11,1,NON_AD,1077.8611541207995
015,111,2019,11,2,NON_AD,7913.661629567028
015,111,2019,11,3,NON_AD,3705.977594200684
015,111,2019,11,4,NON_AD,6398.58206036982
015,111,2019,12,1,NON_AD,2822.699654537464
015,111,2019,12,2,NON_AD,6383.622784173166
015,111,2019,12,3,NON_AD,6145.956632655398
015,111,2019,12,4,NON_AD,2903.8560542050755
015,111,2019,13,1,NON_AD,9293.4104843465
015,111,2019,13,2,NON_AD,3779.50039738282
015,111,2019,13,3,NON_AD,4522.615819180775
015,111,2019,13,4,NON_AD,6424.603743819872
015,111,2019,1,1,PPG,5410.575725342153
015,111,2019,1,2,PPG,1913.7088582469814
015,111,2019,1,3,PPG,9865.987401347238
015,111,2019,1,4,PPG,9748.713743942266
015,111,2019,2,1,PPG,9103.49206251726
015,111,2019,2,2,PPG,4048.706099093381
015,111,2019,2,3,PPG,1561.0289950246433
015,111,2019,2,4,PPG,9875.302789068919
015,111,2019,3,1,PPG,7142.740085013687
015,111,2019,3,2,PPG,1980.7218556649348
015,111,2019,3,3,PPG,4057.620182975257
015,111,2019,3,4,PPG,7883.591186297048
015,111,2019,4,1,PPG,6361.7475625800935
015,111,2019,4,2,PPG,4202.372585721196
015,111,2019,4,3,PPG,1664.8122071918692
015,111,2019,4,4,PPG,1391.4259465120272
015,111,2019,5,1,PPG,1995.9579369702687
015,111,2019,5,2,PPG,4314.947588559509
015,111,2019,5,3,PPG,5950.508967220263
015,111,2019,5,4,PPG,2554.7062180112302
015,111,2019,6,1,PPG,3763.351496173122
015,111,2019,6,2,PPG,3481.7538353352948
015,111,2019,6,3,PPG,3427.070911355902
015,111,2019,6,4,PPG,9155.923739660628
015,111,2019,7,1,PPG,6867.920201375866
015,111,2019,7,2,PPG,2885.2685299146624
015,111,2019,7,3,PPG,7453.480920573805
015,111,2019,7,4,PPG,4976.074928462291
015,111,2019,8,1,PPG,8754.052597392742
015,111,2019,8,2,PPG,7005.052543557951
015,111,2019,8,3,PPG,9212.026400138537
015,111,2019,8,4,PPG,7716.047493609984
015,111,2019,9,1,PPG,7880.8160378626
015,111,2019,9,2,PPG,9085.092633930686
015,111,2019,9,3,PPG,4379.285084433848
015,111,2019,9,4,PPG,1447.8285294504371
015,111,2019,10,1,PPG,3154.8430520664006
015,111,2019,10,2,PPG,1253.0476013439952
015,111,2019,10,3,PPG,1769.9307848007802
015,111,2019,10,4,PPG,3071.2872220707754
015,111,2019,11,1,PPG,6061.263316189934
015,111,2019,11,2,PPG,6088.5231350420145
015,111,2019,11,3,PPG,6945.349057326166
015,111,2019,11,4,PPG,1483.8703054652847
015,111,2019,12,1,PPG,1065.8660447805698
015,111,2019,12,2,PPG,2215.8805308204815
015,111,2019,12,3,PPG,8209.683616822822
015,111,2019,12,4,PPG,2318.612754637801
015,111,2019,13,1,PPG,8182.105766949015
015,111,2019,13,2,PPG,4764.343596186933
015,111,2019,13,3,PPG,9699.02275511651
015,111,2019,13,4,PPG,3937.5120792714365
015,111,2019,1,1,WT,4495.118871589024
015,111,2019,1,2,WT,1930.54578924556
015,111,2019,1,3,WT,3991.826518443079
015,111,2019,1,4,WT,4289.492439543703
015,111,2019,2,1,WT,3664.6623118391167
015,111,2019,2,2,WT,6593.6901262355295
015,111,2019,2,3,WT,9472.080420571103
015,111,2019,2,4,WT,8769.816261801494
015,111,2019,3,1,WT,6814.082926721225
015,111,2019,3,2,WT,3602.747600572793
015,111,2019,3,3,WT,8453.589053043503
015,111,2019,3,4,WT,1405.5474118641832
015,111,2019,4,1,WT,7434.115470159884
015,111,2019,4,2,WT,5524.987499465542
015,111,2019,4,3,WT,7759.987431731629
015,111,2019,4,4,WT,6698.160717821233
015,111,2019,5,1,WT,7707.753434552732
015,111,2019,5,2,WT,5789.559254501497
015,111,2019,5,3,WT,2446.164728655353
015,111,2019,5,4,WT,3010.091088213754
015,111,2019,6,1,WT,9712.93811952405
015,111,2019,6,2,WT,9273.828862988668
015,111,2019,6,3,WT,3487.4755187654887
015,111,2019,6,4,WT,3627.579651359545
015,111,2019,7,1,WT,4170.917292157646
015,111,2019,7,2,WT,6826.716346475385
015,111,2019,7,3,WT,4074.254997103509
015,111,2019,7,4,WT,2346.550454692514
015,111,2019,8,1,WT,2578.299164856985
015,111,2019,8,2,WT,1987.2892897011475
015,111,2019,8,3,WT,7638.132890333599
015,111,2019,8,4,WT,7593.757616803517
015,111,2019,9,1,WT,4854.77091084754
015,111,2019,9,2,WT,6762.956848781258
015,111,2019,9,3,WT,6403.373932551432
015,111,2019,9,4,WT,1224.523999217862
015,111,2019,10,1,WT,7914.015399458371
015,111,2019,10,2,WT,6094.318776033863
015,111,2019,10,3,WT,1938.1524657333364
015,111,2019,10,4,WT,8817.541737650112
015,111,2019,11,1,WT,7042.3664704588355
015,111,2019,11,2,WT,8157.121399665607
015,111,2019,11,3,WT,4708.414386534423
015,111,2019,11,4,WT,6089.727385178822
015,111,2019,12,1,WT,3090.9099090048194
015,111,2019,12,2,WT,2779.4273803250967
015,111,2019,12,3,WT,8891.086789898749
015,111,2019,12,4,WT,6175.549600956957
015,111,2019,13,1,WT,4074.3471344061854
015,111,2019,13,2,WT,8888.423465232072
015,111,2019,13,3,WT,6490.736354046513
015,111,2019,13,4,WT,2612.58336052516
015,101,2019,1,1,AD,8399.891108376498
015,101,2019,1,2,AD,1600.5164100580837
015,101,2019,1,3,AD,9957.759318776118
015,101,2019,1,4,AD,9919.395826758051
015,101,2019,2,1,AD,3792.4191186897874
015,101,2019,2,2,AD,1269.976960000689
015,101,2019,2,3,AD,8227.008758791482
015,101,2019,2,4,AD,1894.6926196540767
015,101,2019,3,1,AD,4008.8201818235
015,101,2019,3,2,AD,5631.550320637612
015,101,2019,3,3,AD,4668.2399282592005
015,101,2019,3,4,AD,8875.43949957527
015,101,2019,4,1,AD,3175.0651517548295
015,101,2019,4,2,AD,9241.564459123503
015,101,2019,4,3,AD,7210.689953350766
015,101,2019,4,4,AD,1737.254924953103
015,101,2019,5,1,AD,9561.262632817201
015,101,2019,5,2,AD,3270.013821166744
015,101,2019,5,3,AD,3002.7972636496806
015,101,2019,5,4,AD,3072.701005257047
015,101,2019,6,1,AD,3518.2286951267083
015,101,2019,6,2,AD,8803.316090161923
015,101,2019,6,3,AD,1470.722288102203
015,101,2019,6,4,AD,5637.2652385649335
015,101,2019,7,1,AD,7298.760707229209
015,101,2019,7,2,AD,9542.04306294382
015,101,2019,7,3,AD,1044.515258957925
015,101,2019,7,4,AD,7242.586188766149
015,101,2019,8,1,AD,1377.6266413156552
015,101,2019,8,2,AD,6824.276036565751
015,101,2019,8,3,AD,5408.111914006995
015,101,2019,8,4,AD,2813.957590970641
015,101,2019,9,1,AD,4645.660372347213
015,101,2019,9,2,AD,5404.543612726311
015,101,2019,9,3,AD,1539.0012274958008
015,101,2019,9,4,AD,5519.789291576405
015,101,2019,10,1,AD,9265.48749160454
015,101,2019,10,2,AD,1385.3916126354738
015,101,2019,10,3,AD,1530.3823325035319
015,101,2019,10,4,AD,1899.5014542527947
015,101,2019,11,1,AD,8271.439318111967
015,101,2019,11,2,AD,1160.1481545055317
015,101,2019,11,3,AD,2008.843866573333
015,101,2019,11,4,AD,9836.85998796819
015,101,2019,12,1,AD,2440.8336594292673
015,101,2019,12,2,AD,1334.757744970137
015,101,2019,12,3,AD,7995.420046538959
015,101,2019,12,4,AD,8310.912218445545
015,101,2019,13,1,AD,6884.427240934678
015,101,2019,13,2,AD,5080.2211461491925
015,101,2019,13,3,AD,4133.587107866426
015,101,2019,13,4,AD,1946.499675438311
015,101,2019,1,1,NON_AD,5529.51057274287
015,101,2019,1,2,NON_AD,7468.133712599388
015,101,2019,1,3,NON_AD,4825.804805118858
015,101,2019,1,4,NON_AD,8633.445264744021
015,101,2019,2,1,NON_AD,4267.245735529095
015,101,2019,2,2,NON_AD,6270.424523144656
015,101,2019,2,3,NON_AD,3144.391694566352
015,101,2019,2,4,NON_AD,5667.398259031029
015,101,2019,3,1,NON_AD,7132.8921109655985
015,101,2019,3,2,NON_AD,6647.917742327922
015,101,2019,3,3,NON_AD,9247.899583038256
015,101,2019,3,4,NON_AD,5465.534398187389
015,101,2019,4,1,NON_AD,6646.861760116229
015,101,2019,4,2,NON_AD,8368.336536425464
015,101,2019,4,3,NON_AD,4573.979725640405
015,101,2019,4,4,NON_AD,5015.835974571082
015,101,2019,5,1,NON_AD,3123.11042168571
015,101,2019,5,2,NON_AD,3963.151640391793
015,101,2019,5,3,NON_AD,6985.914804687849
015,101,2019,5,4,NON_AD,5288.353782164431
015,101,2019,6,1,NON_AD,7750.538570829121
015,101,2019,6,2,NON_AD,2782.756563232613
015,101,2019,6,3,NON_AD,4383.257351722577
015,101,2019,6,4,NON_AD,9766.924619672827
015,101,2019,7,1,NON_AD,9789.387128826278
015,101,2019,7,2,NON_AD,6884.487784943228
015,101,2019,7,3,NON_AD,4123.541705868964
015,101,2019,7,4,NON_AD,2926.0873550971974
015,101,2019,8,1,NON_AD,7894.084540723023
015,101,2019,8,2,NON_AD,3034.4327329391035
015,101,2019,8,3,NON_AD,4995.191718344485
015,101,2019,8,4,NON_AD,3686.376965318428
015,101,2019,9,1,NON_AD,2058.2088138541535
015,101,2019,9,2,NON_AD,5503.730514289454
015,101,2019,9,3,NON_AD,3322.1958826498344
015,101,2019,9,4,NON_AD,5888.208980538029
015,101,2019,10,1,NON_AD,1318.6297069354964
015,101,2019,10,2,NON_AD,4420.963462872878
015,101,2019,10,3,NON_AD,3321.623175317914
015,101,2019,10,4,NON_AD,8830.425487919183
015,101,2019,11,1,NON_AD,1379.0807059193135
015,101,2019,11,2,NON_AD,5671.445098540945
015,101,2019,11,3,NON_AD,5820.067908839957
015,101,2019,11,4,NON_AD,1339.5771379039434
015,101,2019,12,1,NON_AD,7969.7521329506835
015,101,2019,12,2,NON_AD,5191.1344441780275
015,101,2019,12,3,NON_AD,3732.282445989344
015,101,2019,12,4,NON_AD,8066.404990983016
015,101,2019,13,1,NON_AD,9709.42212565224
015,101,2019,13,2,NON_AD,3513.78538212032
015,101,2019,13,3,NON_AD,4516.607479974364
015,101,2019,13,4,NON_AD,8703.853810683873
015,101,2019,1,1,PPG,3731.8566249526557
015,101,2019,1,2,PPG,1938.1854944098764
015,101,2019,1,3,PPG,7533.295957827533
015,101,2019,1,4,PPG,4119.929692922113
015,101,2019,2,1,PPG,4481.67977628329
015,101,2019,2,2,PPG,4210.462257883133
015,101,2019,2,3,PPG,8842.121079365465
015,101,2019,2,4,PPG,8591.196231087775
015,101,2019,3,1,PPG,1313.2755626129042
015,101,2019,3,2,PPG,3769.15258714467
015,101,2019,3,3,PPG,6006.788686861354
015,101,2019,3,4,PPG,4071.375674596593
015,101,2019,4,1,PPG,7829.497590546327
015,101,2019,4,2,PPG,5527.555799770426
015,101,2019,4,3,PPG,8248.698853064172
015,101,2019,4,4,PPG,5673.728434989142
015,101,2019,5,1,PPG,9739.298785066172
015,101,2019,5,2,PPG,9905.363105415263
015,101,2019,5,3,PPG,2070.2437249285376
015,101,2019,5,4,PPG,2567.9195125964484
015,101,2019,6,1,PPG,2896.000357047171
015,101,2019,6,2,PPG,8705.521963263947
015,101,2019,6,3,PPG,1409.5607212058603
015,101,2019,6,4,PPG,8577.99043701943
015,101,2019,7,1,PPG,3045.889150245746
015,101,2019,7,2,PPG,6712.6186197109255
015,101,2019,7,3,PPG,3172.854131183686
015,101,2019,7,4,PPG,7654.418505450168
015,101,2019,8,1,PPG,9411.12710049314
015,101,2019,8,2,PPG,6970.507004598359
015,101,2019,8,3,PPG,2041.3010507145536
015,101,2019,8,4,PPG,5132.989714163131
015,101,2019,9,1,PPG,2118.9511730848553
015,101,2019,9,2,PPG,6052.901816403245
015,101,2019,9,3,PPG,3186.952421621668
015,101,2019,9,4,PPG,6202.426012997195
015,101,2019,10,1,PPG,8704.49797198665
015,101,2019,10,2,PPG,2715.288714128076
015,101,2019,10,3,PPG,9946.178270456014
015,101,2019,10,4,PPG,1873.5685770437126
015,101,2019,11,1,PPG,5938.125102764128
015,101,2019,11,2,PPG,5961.999057055808
015,101,2019,11,3,PPG,5538.542731287359
015,101,2019,11,4,PPG,4148.355804642588
015,101,2019,12,1,PPG,8140.658779282072
015,101,2019,12,2,PPG,4694.24535025041
015,101,2019,12,3,PPG,6657.313072400632
015,101,2019,12,4,PPG,9608.07300132597
015,101,2019,13,1,PPG,1957.6468078525663
015,101,2019,13,2,PPG,4446.433668910605
015,101,2019,13,3,PPG,9696.613209371459
015,101,2019,13,4,PPG,3608.612510987828
015,101,2019,1,1,WT,9274.046362677775
015,101,2019,1,2,WT,3910.2360997871533
015,101,2019,1,3,WT,6613.278396420479
015,101,2019,1,4,WT,2277.657258042325
015,101,2019,2,1,WT,8922.611892501565
015,101,2019,2,2,WT,3920.6411151194816
015,101,2019,2,3,WT,9150.718437252453
015,101,2019,2,4,WT,2796.255006384623
015,101,2019,3,1,WT,2268.321315987653
015,101,2019,3,2,WT,2050.8394927075838
015,101,2019,3,3,WT,1962.1246597792165
015,101,2019,3,4,WT,7460.042668857748
015,101,2019,4,1,WT,8778.96528798664
015,101,2019,4,2,WT,7863.4981046108815
015,101,2019,4,3,WT,2674.4958134742697
015,101,2019,4,4,WT,8548.19998338215
015,101,2019,5,1,WT,6616.262781767688
015,101,2019,5,2,WT,4337.174595495218
015,101,2019,5,3,WT,7757.545041670036
015,101,2019,5,4,WT,4951.285312205009
015,101,2019,6,1,WT,3523.511697362343
015,101,2019,6,2,WT,1492.6792026180847
015,101,2019,6,3,WT,9616.461101955516
015,101,2019,6,4,WT,2302.0555391012845
015,101,2019,7,1,WT,4279.1416581260455
015,101,2019,7,2,WT,3682.0563021198786
015,101,2019,7,3,WT,8876.174415860416
015,101,2019,7,4,WT,5517.739128084603
015,101,2019,8,1,WT,2775.465828104514
015,101,2019,8,2,WT,8103.384844319494
015,101,2019,8,3,WT,1261.0343129374187
015,101,2019,8,4,WT,8495.44378673144
015,101,2019,9,1,WT,3174.312064028296
015,101,2019,9,2,WT,2338.7196508665747
015,101,2019,9,3,WT,7883.230780124167
015,101,2019,9,4,WT,9080.238570503705
015,101,2019,10,1,WT,7964.4203022740485
015,101,2019,10,2,WT,2189.6469284777263
015,101,2019,10,3,WT,1803.780772892334
015,101,2019,10,4,WT,2209.7357127410305
015,101,2019,11,1,WT,8153.968157097575
015,101,2019,11,2,WT,2701.0945045609624
015,101,2019,11,3,WT,2886.743025456135
015,101,2019,11,4,WT,6974.9661306266635
015,101,2019,12,1,WT,5882.823624401267
015,101,2019,12,2,WT,7119.976637709007
015,101,2019,12,3,WT,8882.057410584006
015,101,2019,12,4,WT,3824.158095923296
015,101,2019,13,1,WT,4008.9129675823715
015,101,2019,13,2,WT,5913.638139123846
015,101,2019,13,3,WT,5649.626964164986
015,101,2019,13,4,WT,4990.841964378829